cough_rate;sweating;virus_resistance;aggressiveness;movement_speed;exhaustion_tolerance;pain_tolerance
1;1;1;1;1;1;1
1;1;1;1;1;1;1
1;1;1;1;1;1;1
1;1;1;1;1;1;1
1;1;1;1;1;1;1
1;1;1;1;1;1;1
1;1;1;1;1;1;1
1;1;1;1;1;1;1
1;0.7055187;1.462627;1;1;1;0.6378117
1;0.8036792;1.308418;1;1;1;0.7585411
1;0.8527594;1.231313;1;1;1;0.5833957
1;0.8527594;1.231313;1;1;1;0.5833957
1;0.8527594;1.231313;1;1;1;0.5833957
1;0.8527594;1.231313;1;1;1;0.5833957
1;0.8822075;0.9996666;1;1;0.8834616;0.4783085
1;0.8527594;1.231313;1;1;1;0.5833957
1;0.8822075;1.185051;1;1;1;0.4783085
1;0.8822075;1.185051;1;1;1;0.4783085
1;1;1;1;1;1;0.5289798
1;1;1;0.8088295;1;1;0.8115919
1;1;1;0.8088295;1;1;0.8115919
1;1;1;0.8088295;1;1;0.8115919
1;1;1;0.7610368;1;1;0.7644899
1;1;1;0.7610368;1;1;0.7644899
1;1;1;0.7610368;1;1;0.7644899
1;1;1;0.7610368;1;1;0.7644899
1;1;1;0.7610368;1;1;0.7644899
1;1;1.062133;0.5220736;1;1;0.7644899
1;0.8889369;1.035504;0.6315831;1;1;0.8654228
1;0.8704264;1.041422;0.5701803;1;1;1
1;0.8704264;1.041422;0.5701803;1;1;1
1;0.8704264;1.041422;0.5701803;1;1;1
1;0.9028198;1.031066;0.5581537;1;1;1
1;0.9028198;1.031066;0.6415553;1;1;1
1;0.9028198;1.062133;0.5903054;1;1;1
1;0.8272352;1.055229;0.6358271;1;1;1
1;0.8445117;1.049706;0.6722444;1;1;1
1;0.8445117;1.049706;0.6722444;1;1;1
1;0.752838;1.045187;0.6151447;1;1;1
1;0.7281218;1.049706;0.6722444;1;1;1
0.9386596;0.793037;0.9880387;0.4940395;1;1;1
0.943041;0.7802159;0.9888931;0.4619043;1;1;1
0.9468383;0.7948682;0.9932044;0.4340539;1;1;1
0.9501609;0.8059224;1.06548;0.3552611;1;0.9725658;0.9455947
0.9595661;0.830076;1.068828;0.3552611;1;0.9725658;0.9455947
0.9595661;0.830076;1.068828;0.3552611;1;0.9725658;0.9455947
0.9707965;0.8400716;1.06793;0.3369603;1.035632;0.9741797;0.948795
0.9707965;0.8858035;1.071081;0.2777286;1.035632;0.9741797;0.948795
0.9738705;0.926155;1.102841;0.3190532;0.9508482;0.9768976;0.9651821
0.975177;0.9298472;1.110125;0.3326006;0.9037935;0.9780527;0.9669229
0.9763591;0.9331878;1.127833;0.2473496;0.9083747;0.9581956;0.9684981
0.9651894;0.8786732;1.136934;0.3247408;0.948954;0.9566455;0.9410759
0.9651894;0.8786732;1.136934;0.3247408;0.948954;0.9566455;0.9410759
0.9651894;0.8786732;1.136934;0.3247408;0.948954;0.9566455;0.9410759
0.963797;0.8892784;1.142411;0.3577987;0.9249371;0.9549114;0.9818962
0.9684491;0.8752318;1.152968;0.4189565;0.9352906;0.9432045;0.9843932
0.9673223;0.8707758;1.158432;0.398205;0.9329795;0.9411761;0.9838358
0.9673223;0.8707758;1.131912;0.4487989;0.8976135;0.9568528;0.9838358
0.9684491;0.8752318;1.135934;0.453668;0.8669976;0.9583406;0.9843932
0.9695008;0.8793907;1.108437;0.4383144;0.9044393;0.9597293;0.9849135
0.9956346;0.8582026;1.104939;0.4549321;0.9267779;0.9610283;0.9854001
0.9953336;0.8401768;1.1337;0.4652935;0.990021;0.9583406;0.9843932
1.00284;0.8337588;1.118927;0.548279;0.990021;0.9798497;0.9843932
0.9699428;0.8605672;1.120774;0.5169233;0.9903247;0.9798497;0.9843932
0.9688693;0.8748119;1.133964;0.5395447;0.96866;0.9791301;0.9838358
0.9685157;0.8571087;1.111561;0.5143134;0.9760553;0.9791301;0.9452848
0.9673496;0.8806104;1.115693;0.496325;0.9751685;0.9783571;0.9432583
0.9688693;0.8957719;1.14284;0.4970017;0.9760553;0.9791301;0.9452848
0.9677163;0.9050429;1.111424;0.4715059;0.9384927;0.9946087;0.9090175
0.9688693;0.9084342;1.133964;0.4934492;0.9608312;0.976339;0.8954517
1.004068;0.9232993;1.132472;0.4756978;0.96644;0.970146;0.9123095
0.9865634;0.9180095;1.158643;0.4368667;0.9850131;0.9634529;0.9062619
0.9963187;0.8986692;1.159854;0.4573407;0.9741024;0.9646711;0.9093865
0.9961917;0.9034218;1.145583;0.4088106;0.9732094;0.9813789;0.9062619
0.9959887;0.8821461;1.14073;0.428517;0.9626921;0.9819996;0.9093865
0.9962394;0.909335;1.149552;0.5088277;0.9650239;0.9831246;0.9422524
0.9962394;0.9018614;1.16748;0.5455534;0.9650238;0.9831246;0.9710854
1.004125;0.8986956;1.179172;0.579336;0.925989;0.9906229;0.9549649
1.004125;0.9064103;1.158938;0.5669098;0.925989;0.9875966;0.9549649
1.004751;0.9252955;1.169899;0.5340788;0.9208847;0.9867411;0.9518591
1.004751;0.9252955;1.169899;0.5340788;0.9208847;0.9867411;0.9518591
1.021173;0.9523358;1.167519;0.5839964;0.8973566;1.003515;0.9563722
1.014762;0.9351032;1.16648;0.5413697;0.9127508;0.9968719;0.9864222
1.026248;0.9575641;1.164201;0.5785806;0.9114875;0.996785;0.9991235
0.9836047;0.9642252;1.15569;0.5166346;0.950805;0.9917659;0.9725864
0.9685593;0.941828;1.146046;0.5061218;0.925414;0.9932081;0.964001
0.9699479;0.9622818;1.147005;0.536983;0.9278758;0.9935052;0.9598868
0.9753719;0.9444599;1.140506;0.5361771;0.9388941;0.9902241;0.9620551
0.9936134;0.9704628;1.150841;0.5550554;0.943477;0.988612;0.9832605
1.019276;0.9473081;1.164353;0.5671249;0.9518869;0.9646954;0.9725864
1.018794;0.9477744;1.175926;0.5821775;0.9530897;0.965578;0.9963382
1.026915;0.9477743;1.175926;0.5890948;0.9530898;0.9622182;1.019405
1.021688;1.004197;1.170677;0.6077814;0.8884338;0.9683902;1.019405
1.053819;1.016589;1.186359;0.6278017;0.8873789;0.9696345;1.033402
1.058725;1.016185;1.156649;0.6002527;0.9290524;0.9657256;1.055137
1.043618;1.016005;1.156562;0.5599378;0.9762691;1.012601;1.072127
1.043618;1.021204;1.14409;0.5283746;0.9762691;1.01784;1.052069
1.053931;1.017117;1.148432;0.5785608;0.9744892;1.040201;1.048583
1.084122;0.9859446;1.189207;0.626483;0.9950209;1.039525;1.045983
1.125872;0.9862641;1.207096;0.6614491;0.9588615;1.045175;1.023927
1.126419;1.007431;1.176995;0.6182002;0.9890434;1.051554;0.9622373
1.096842;0.9933304;1.163506;0.6305737;1.045504;1.043774;0.9831561
1.092569;0.9694822;1.160205;0.6643537;1.058724;1.056625;0.9700779
1.11494;0.9701456;1.17773;0.707804;1.057447;1.07396;0.9822201
1.119833;0.9551457;1.192231;0.7676656;1.023165;1.087483;0.9938454
1.131396;0.9569765;1.201424;0.7593948;1.048018;1.089458;0.9940966
1.144779;0.9569765;1.213594;0.7481438;1.048018;1.078549;0.9833086
1.138102;0.957837;1.223678;0.77368;1.066862;1.093776;1.012705
1.143856;0.9560802;1.221781;0.74243;1.069648;1.075411;1.002221
1.16279;0.9584668;1.221437;0.754899;1.06083;1.083424;1.002369
1.166862;0.9565349;1.226188;0.7535496;1.049573;1.077999;1.00248
1.155512;0.9036343;1.218993;0.7061796;1.083639;1.071424;0.9894502
1.142479;0.8985624;1.208548;0.6958763;1.0721;1.068032;0.9888949
1.155641;0.9011633;1.223235;0.7058773;1.070251;1.063882;0.9891797
1.142479;0.8985625;1.212007;0.7155997;1.053382;1.061691;0.9888949
1.116408;0.8732303;1.157118;0.7254498;1.062094;1.057989;0.9971917
1.122723;0.8787878;1.175046;0.7424165;1.082315;1.074252;0.9879831
1.116879;0.8718596;1.171116;0.7747092;1.078395;1.085783;0.9583289
1.083333;0.8996872;1.144209;0.7570484;1.111712;1.094787;0.9551232
1.079474;0.8996872;1.147579;0.7815575;1.113883;1.090041;0.9551232
1.070012;0.8846051;1.132989;0.7948598;1.086019;1.085245;0.9788791
1.071974;0.8874195;1.131052;0.7765498;1.098695;1.087681;0.9793942
1.062324;0.8896601;1.149744;0.7906691;1.11436;1.083777;1.001769
1.065744;0.8896601;1.148526;0.8183274;1.143089;1.085851;1.008679
1.065744;0.8896601;1.152731;0.8147152;1.143089;1.087984;1.028377
1.05416;0.8896602;1.166655;0.8679552;1.145804;1.083677;1.040391
1.054776;0.883177;1.159387;0.8670329;1.15565;1.115795;1.057846
1.077062;0.8807432;1.143824;0.900635;1.150985;1.09776;1.085034
1.078702;0.8782058;1.146884;0.8951393;1.154198;1.101836;1.086844
1.066211;0.8782058;1.146884;0.8951393;1.154198;1.101836;1.086844
1.077224;0.8724378;1.127975;0.8732923;1.145627;1.107107;1.05241
1.077224;0.8955508;1.11937;0.8563276;1.160937;1.065985;1.046862
1.07548;0.893064;1.120936;0.8756652;1.150347;1.070755;1.047978
1.071897;0.8868686;1.124066;0.8799117;1.135924;1.066348;1.068614
1.06998;0.8841093;1.125786;0.9002962;1.124465;1.063452;1.070287
1.052278;0.8868686;1.122791;0.9042336;1.137177;1.061941;1.075853
1.051062;0.8894996;1.122992;0.9323861;1.147801;1.058319;1.060175
1.04979;0.8868686;1.139779;0.9670806;1.183763;1.057474;1.080057
1.046132;0.9041632;1.198398;0.9712335;1.237622;1.076256;1.069103
1.049872;0.8963927;1.204484;0.9504521;1.23823;1.053048;1.060419
1.070273;0.8902251;1.257648;0.9878556;1.237095;1.038365;1.04198
1.068516;0.8929695;1.251206;0.9921325;1.247627;1.035061;1.048531
1.08059;0.8873363;1.263018;1.01269;1.23473;1.034504;1.051085
1.10935;0.8909105;1.263036;1.007233;1.239452;0.9894498;1.042917
1.113415;0.8992019;1.302012;1.056724;1.223627;0.9894753;1.03924
1.116655;0.8904616;1.30354;1.070059;1.245712;0.9891744;1.034391
1.113415;0.8935044;1.300247;1.068113;1.238887;0.9894753;1.057511
1.128073;0.8963826;1.31325;1.068594;1.232431;0.987224;1.055957
1.176372;0.8941567;1.311369;1.066621;1.214638;0.9872242;1.04774
1.188988;0.8947748;1.301345;1.067129;1.208989;0.9850916;1.046483
1.182848;0.8798295;1.312867;1.09675;1.208525;0.979686;1.04774
1.182848;0.8798295;1.312867;1.09675;1.208525;0.979686;1.04774
1.181996;0.8829919;1.306043;1.06905;1.218978;0.9850916;1.046483
1.172896;0.8823372;1.295366;1.032996;1.224488;0.9834916;1.073428
1.184674;0.8831983;1.286465;1.034286;1.219013;0.9816061;1.071637
1.172896;0.8823372;1.295366;1.032996;1.224488;0.9834916;1.073428
1.176658;0.8708259;1.296705;1.001163;1.239631;0.9904644;1.096098
1.176658;0.8708259;1.296705;1.001163;1.239631;0.9675355;1.120935
1.188344;0.8739765;1.268389;1.00323;1.233787;0.9660391;1.139994
1.172896;0.8643209;1.258851;1.029123;1.224488;0.985837;1.165162
1.186987;0.8766553;1.242521;1.038637;1.255075;0.9676518;1.166312
1.211505;0.8707818;1.248008;1.022486;1.227643;0.9556177;1.147168
1.201116;0.8663098;1.255442;1.041352;1.222349;0.9544681;1.165202
1.221854;0.8674764;1.256596;1.042365;1.217295;0.9533708;1.161448
1.221854;0.8674764;1.256596;1.042365;1.217295;0.9325264;1.184027
1.218834;0.8795243;1.24753;1.042365;1.206894;0.9325262;1.190937
1.21364;0.8799827;1.236309;1.059768;1.216746;0.931547;1.179394
1.235083;0.885438;1.245278;1.062616;1.199564;0.9303941;1.178149
1.23699;0.8906434;1.234103;1.058029;1.184354;0.931547;1.200878
1.221376;0.8940683;1.240165;1.055984;1.184354;0.9337807;1.221514
1.229112;0.904729;1.239615;1.055984;1.190991;0.9337807;1.228753
1.233602;0.9090595;1.255282;1.062944;1.197272;0.9325264;1.225265
1.239034;0.8924457;1.261219;1.060711;1.209361;0.9331389;1.223433
1.206667;0.9219134;1.296214;1.043953;1.219583;0.9201496;1.23092
1.242863;0.9504442;1.2963;1.01547;1.230834;0.9197915;1.211831
1.231016;0.9563699;1.286359;1.018591;1.214364;0.9096709;1.230053
1.243077;0.9512134;1.294441;0.935099;1.239416;0.9299277;1.245212
1.265;0.9563699;1.316167;0.9907278;1.229198;0.9386218;1.222637
1.276994;0.9586857;1.37298;1.050456;1.257508;0.9450694;1.223281
1.266472;0.9487435;1.390412;1.040653;1.24044;0.9487555;1.278748
1.266472;0.9487434;1.390412;1.027375;1.24044;0.9487555;1.278748
1.264366;0.9668437;1.409997;1.024587;1.258727;0.9487555;1.266036
1.257221;0.9930028;1.409382;1.028218;1.287387;0.94981;1.272691
1.232158;1.026461;1.450102;1.014926;1.351543;0.9348183;1.290872
1.229824;1.025705;1.438772;0.9871899;1.358806;0.9419691;1.282561
1.243301;1.024991;1.452607;0.9919606;1.367127;0.9409751;1.283158
1.226086;1.025705;1.438772;0.98719;1.358806;0.9419691;1.282561
1.211343;1.063274;1.424124;0.9667364;1.349996;0.9272995;1.315
1.221786;1.059658;1.425959;1.004079;1.386797;0.9187273;1.30456
1.22831;1.083662;1.475129;1.000859;1.352737;0.9316413;1.30154
1.228309;1.083662;1.475129;1.000859;1.352737;0.9316413;1.30154
1.220236;1.088891;1.469768;0.9959465;1.35421;0.9303005;1.2838
1.22734;1.091758;1.472431;0.9906887;1.323083;0.9284466;1.283147
1.24555;1.091758;1.500922;1.02665;1.32478;0.9028939;1.292955
1.255447;1.089369;1.519879;1.042416;1.413101;0.8919824;1.228792
1.330123;1.08151;1.553166;1.089018;1.409126;0.8942925;1.265731
1.316966;1.084421;1.572922;1.089851;1.423738;0.8905173;1.273293
1.306036;1.08151;1.566519;1.092234;1.454614;0.8910576;1.274353
1.306036;1.08151;1.566519;1.092234;1.454614;0.8910576;1.274353
1.295835;1.07012;1.557292;1.094578;1.43946;0.894689;1.294099
1.306036;1.072538;1.590127;1.092358;1.399944;0.8942926;1.290198
1.295835;1.061446;1.580113;1.094698;1.386613;0.8978162;1.309415
1.295835;1.061446;1.580113;1.094698;1.386613;0.8978162;1.309415
1.342951;1.061446;1.605173;1.099996;1.408558;0.894689;1.31955
1.369562;1.065835;1.611742;1.104194;1.390628;0.9592158;1.32826
1.363844;1.061446;1.623825;1.092454;1.408476;0.9861;1.326646
1.375171;1.059464;1.633921;1.079705;1.416536;1.01296;1.325917
1.363447;1.057606;1.595319;1.077214;1.403519;1.012555;1.315732
1.365296;1.057606;1.600178;1.079496;1.424092;1.041216;1.294186
1.387125;1.057606;1.600178;1.079496;1.424092;1.041216;1.294186
1.376549;1.059464;1.589318;1.076933;1.416536;1.045572;1.293868
1.280995;1.079597;1.565828;1.079496;1.483669;1.043766;1.294186
1.275221;1.08507;1.615788;1.072079;1.548961;1.041699;1.277434
1.234255;1.073209;1.650854;1.065398;1.648933;1.040958;1.292678
1.243266;1.042694;1.651154;1.086979;1.703529;1.038837;1.308414
1.278026;1.048418;1.674817;1.076627;1.737054;1.06472;1.269936
1.305475;1.059482;1.69293;1.105964;1.748493;1.048745;1.277938
1.312904;1.041774;1.720994;1.086452;1.752306;1.056807;1.284933
1.294688;1.041774;1.723849;1.087219;1.77434;1.056807;1.293378
1.317803;1.012024;1.729902;1.132126;1.82006;1.057031;1.290293
1.295456;1.02792;1.744681;1.112055;1.836714;1.091656;1.282249
1.269465;1.042645;1.740923;1.101152;1.856917;1.085079;1.270629
1.245974;1.071333;1.741104;1.091654;1.921342;1.091076;1.281035
1.266519;1.076116;1.762844;1.085102;1.934508;1.087568;1.268663
1.279829;1.071807;1.758755;1.08876;1.931391;1.089274;1.264929
1.22939;1.091037;1.754944;1.082313;1.968038;1.062968;1.256821
1.247406;1.085067;1.777807;1.09371;1.958603;1.055133;1.261149
1.170545;1.100218;1.739236;1.087721;2.011454;1.042394;1.274392
1.16641;1.100227;1.742318;1.09785;2.010798;1.045522;1.27342
1.158666;1.108032;1.728729;1.082398;2.027665;1.068556;1.288761
1.13796;1.094354;1.716215;1.076518;2.02654;1.071293;1.291797
1.135879;1.076191;1.716859;1.080109;2.040699;1.068354;1.292322
1.127486;1.080192;1.713671;1.072595;2.04624;1.070704;1.292152
1.146093;1.079046;1.72471;1.060512;2.041821;1.08684;1.298005
1.163273;1.069993;1.70771;1.062472;2.019559;1.082335;1.277177
1.207838;1.065611;1.731302;1.04394;1.995994;1.12681;1.289209
1.21379;1.052608;1.750758;1.040893;1.998312;1.13131;1.293229
1.22785;1.044054;1.752977;1.052446;2.012656;1.104164;1.281105
1.232623;1.034631;1.75083;1.066744;1.999923;1.090984;1.288704
1.242337;1.027499;1.758202;1.055382;2.000135;1.11575;1.3061
1.256454;1.027112;1.757455;1.069022;2.03248;1.102493;1.299289
1.249529;1.009968;1.75534;1.071128;2.044178;1.102026;1.31102
1.249529;1.009968;1.762986;1.077442;2.044178;1.113459;1.31102
1.243569;1.006569;1.783645;1.082914;2.054247;1.119138;1.310595
1.234963;1.00649;1.796514;1.084162;2.065371;1.120642;1.321291
1.215131;1.019798;1.795065;1.075988;2.062675;1.122951;1.32412
1.194397;1.014004;1.793138;1.097107;2.07438;1.094446;1.313829
1.198642;1.006082;1.768478;1.103356;2.069722;1.082035;1.31444
1.207579;1.006082;1.765442;1.097585;2.061462;1.093442;1.31444
1.196121;1.006319;1.761656;1.096143;2.068554;1.096875;1.318794
1.199701;1.003255;1.759964;1.07053;2.094464;1.12003;1.330154
1.236498;0.9911439;1.793558;1.070481;2.060385;1.136429;1.330154
1.279655;0.9924735;1.822336;1.077508;2.048121;1.144575;1.338769
1.263871;0.9829873;1.819248;1.074764;2.055349;1.140393;1.339929
1.272637;0.9864664;1.825011;1.068878;2.046715;1.157151;1.340912
1.242551;1.002905;1.798448;1.083888;2.039276;1.141654;1.324485
1.269044;1.007345;1.804082;1.077423;2.035442;1.147837;1.322622
1.307426;0.9875533;1.82855;1.074324;2.025418;1.149769;1.327761
1.307426;0.9875533;1.82855;1.074324;2.025418;1.149769;1.327761
1.29104;0.9914222;1.826353;1.06444;2.015269;1.153874;1.328459
1.289933;0.9957201;1.829097;1.053058;1.989006;1.132062;1.318547
1.297922;0.9929863;1.830157;1.054571;1.993722;1.150125;1.322486
1.293811;0.9964376;1.833881;1.079171;2.029413;1.148681;1.326196
1.29854;0.9787373;1.833173;1.074612;2.03274;1.145454;1.326508
1.29873;0.98876;1.82634;1.0739;2.036502;1.130514;1.315255
1.302938;0.9760065;1.825257;1.061593;2.032521;1.142231;1.315413
1.272807;0.9857169;1.816291;1.066799;2.037654;1.129483;1.315575
1.25714;0.982753;1.804321;1.060745;2.033792;1.127659;1.321858
1.244895;0.9713786;1.806334;1.049345;2.037971;1.137334;1.321611
1.253748;0.9713786;1.799167;1.051306;2.029641;1.118664;1.32491
1.248367;0.970561;1.803086;1.054826;2.030809;1.110532;1.317838
1.230258;0.9676228;1.805974;1.057097;2.058009;1.123455;1.322181
1.228193;0.975139;1.797085;1.044797;2.062701;1.127786;1.328145
1.226611;0.9803356;1.807389;1.026329;2.061057;1.135386;1.32924
1.199701;0.9843246;1.784574;1.030706;2.086337;1.118723;1.333847
1.204341;0.9847856;1.787489;1.020794;2.092287;1.114791;1.345833
1.217791;0.9847856;1.803062;1.016951;2.097734;1.139037;1.345833
1.238819;0.9847856;1.815992;1.010161;2.098709;1.150552;1.345833
1.222439;0.9998333;1.814289;1.037273;2.140563;1.111213;1.349634
1.214885;1.014003;1.808188;1.044196;2.150003;1.127782;1.348983
1.193791;1.024405;1.796003;1.047179;2.168877;1.119916;1.349634
1.215283;1.014415;1.802015;1.045536;2.158066;1.12186;1.350305
1.226825;1.033695;1.816408;1.052266;2.178856;1.152484;1.360003
1.255982;1.023346;1.824491;1.052266;2.16259;1.156893;1.360003
1.273202;1.024054;1.854076;1.076784;2.158081;1.164249;1.361699
1.276874;1.007366;1.868743;1.069164;2.131238;1.146903;1.361699
1.298553;1.004988;1.882492;1.052504;2.100989;1.156233;1.367464
1.325099;0.9957334;1.900866;1.070875;2.087378;1.161584;1.361872
1.31142;0.9919956;1.885692;1.086176;2.09191;1.12529;1.348556
1.283985;0.9950889;1.882875;1.08353;2.107592;1.112514;1.350174
1.278887;0.9842684;1.893821;1.133372;2.107697;1.090163;1.344388
1.327244;0.9714211;1.910638;1.143022;2.106419;1.095846;1.345109
1.324848;0.9714211;1.911238;1.159521;2.094619;1.082966;1.345109
1.31208;0.9912378;1.894509;1.156683;2.082863;1.084641;1.339679
1.299313;0.9912378;1.883422;1.163273;2.094663;1.097671;1.339679
1.286546;0.9912378;1.882823;1.171517;2.095447;1.071415;1.32198
1.278756;0.9910786;1.881841;1.171746;2.100857;1.067485;1.322306
1.273778;0.9912378;1.882224;1.171517;2.104755;1.080218;1.32198
1.267008;0.9863392;1.882593;1.171297;2.110317;1.077165;1.321666
1.267008;0.9863392;1.882593;1.171297;2.110317;1.077165;1.321666
1.276717;0.9770579;1.898264;1.174636;2.126708;1.081677;1.327834
1.267008;0.9778628;1.89844;1.199553;2.13346;1.064859;1.327
1.248453;0.9650328;1.900723;1.208956;2.145572;1.048157;1.325852
1.247268;0.9618541;1.8896;1.231734;2.149419;1.02677;1.325495
1.24328;0.9624693;1.889512;1.23056;2.143674;1.024825;1.325149
1.217612;0.9677146;1.896492;1.246517;2.179987;0.9789862;1.311396
1.207269;0.967158;1.879261;1.248027;2.197397;0.9736652;1.311523
1.195237;0.969368;1.880441;1.259471;2.205068;0.951242;1.311155
1.208549;0.9688575;1.880061;1.261147;2.187589;0.956832;1.311274
1.207269;0.9727489;1.879261;1.226767;2.181283;0.9789413;1.311523
1.194715;0.9732108;1.869689;1.230046;2.183619;0.9649138;1.311396
1.223787;0.9599248;1.877565;1.207074;2.168603;0.9762036;1.311654
1.261485;0.9484826;1.887483;1.206244;2.15509;1.00229;1.311523
1.253529;0.9475788;1.856833;1.190138;2.163805;1.001228;1.311654
1.258057;0.9466428;1.856004;1.164773;2.161031;1.013776;1.31179
1.261485;0.9484826;1.858212;1.144023;2.16543;1.016184;1.326604
1.264685;0.9501999;1.859954;1.124656;2.160771;1.027727;1.340431
1.257053;0.9499192;1.858652;1.141842;2.162513;0.9990207;1.326222
1.266073;0.948162;1.867751;1.136658;2.166244;1.015521;1.327
1.254911;0.9513232;1.878679;1.12728;2.163513;1.013759;1.32741
1.250439;0.9578663;1.87911;1.127836;2.166244;1.002087;1.327
1.235908;0.9469207;1.882389;1.117325;2.170465;1.019583;1.318093
1.231426;0.9610387;1.882417;1.123682;2.164381;1.021276;1.317867
1.224194;0.9622563;1.883069;1.147465;2.169217;1.008185;1.317435
1.233803;0.9610387;1.882185;1.156712;2.183522;1.001392;1.317867
1.274271;0.9352027;1.895864;1.156598;2.152973;0.9984255;1.31857
1.296492;0.9317314;1.89581;1.156473;2.150394;1.003367;1.319348
1.288202;0.9320307;1.880468;1.149245;2.154443;0.9807839;1.31882
1.288202;0.9320307;1.880468;1.149245;2.154443;0.9807839;1.31882
1.264572;0.9313458;1.872832;1.177507;2.156122;0.9576855;1.317867
1.268909;0.9446982;1.887165;1.154014;2.153449;0.9684911;1.318093
1.274028;0.9584066;1.885156;1.166564;2.153449;0.9580106;1.318093
1.258077;0.9577405;1.884598;1.183013;2.156046;0.9426103;1.317867
1.274645;0.9730217;1.898871;1.195361;2.149342;0.9412944;1.325149
1.300728;0.9730547;1.899541;1.159598;2.148587;0.9688463;1.341047
1.284289;0.9747655;1.890531;1.167094;2.151068;0.9552226;1.338698
1.279847;0.9751598;1.899832;1.189648;2.161912;0.938067;1.338157
1.268676;0.9751598;1.899009;1.196862;2.16402;0.9261086;1.352143
1.253407;0.970791;1.903327;1.184615;2.175633;0.894956;1.364859
1.247147;0.9720798;1.903324;1.221148;2.181965;0.8693776;1.362176
1.241963;0.9761469;1.892192;1.220853;2.190792;0.8901786;1.360515
1.250731;0.9861522;1.898811;1.212278;2.187763;0.8953469;1.359579
1.266672;0.9859515;1.899024;1.213051;2.195218;0.9063361;1.354392
1.266672;0.9859515;1.899024;1.213051;2.195218;0.9063361;1.354392
1.271439;0.9964342;1.900031;1.218215;2.198709;0.8977734;1.352973
1.272316;0.9964837;1.900077;1.241773;2.195837;0.8887575;1.352294
1.257809;1.012269;1.877394;1.239598;2.208728;0.9096346;1.348701
1.252971;1.009609;1.876353;1.264114;2.211795;0.8926597;1.347461
1.250648;1.009609;1.876353;1.257519;2.21634;0.893353;1.347461
1.239256;1.008013;1.877769;1.272098;2.227511;0.8673294;1.345176
1.23017;1.018888;1.855833;1.256693;2.230991;0.8713648;1.350208
1.207741;1.018652;1.855767;1.289279;2.241171;0.8378327;1.338697
1.201073;1.018652;1.837099;1.289248;2.241171;0.8353686;1.338697
1.201073;1.034683;1.837099;1.27718;2.241171;0.8454921;1.338697
1.203164;1.045723;1.837099;1.283116;2.241171;0.8473961;1.338697
1.218739;1.049231;1.854612;1.294379;2.248602;0.8456192;1.347202
1.22032;1.029609;1.849245;1.294503;2.246769;0.841801;1.348323
1.240598;1.045709;1.861966;1.253631;2.246914;0.8478158;1.35897
1.23976;1.056744;1.852026;1.252432;2.253091;0.834435;1.350208
1.221376;1.045565;1.852026;1.253209;2.258667;0.814467;1.355442
1.221376;1.045565;1.844548;1.253209;2.258667;0.814467;1.355442
1.230836;1.045565;1.86675;1.244767;2.258667;0.811804;1.346448
1.236124;1.054138;1.863255;1.272022;2.255731;0.7949972;1.346414
1.236124;1.065758;1.863255;1.272022;2.255731;0.8049967;1.345968
1.245625;1.07783;1.863255;1.272981;2.260037;0.825987;1.345968
1.276621;1.086488;1.864774;1.274491;2.263799;0.8419811;1.34414
1.278008;1.097667;1.866071;1.286855;2.261624;0.8257377;1.34414
1.284903;1.102876;1.883847;1.261101;2.256265;0.8268688;1.333063
1.282719;1.126342;1.884354;1.254316;2.270974;0.8291541;1.344747
1.278342;1.117358;1.883844;1.256894;2.269671;0.8421459;1.345847
1.265983;1.113752;1.887871;1.256894;2.262564;0.8305896;1.358535
1.26002;1.117815;1.926028;1.271447;2.277309;0.8306361;1.341802
1.265793;1.127755;1.926551;1.269986;2.289035;0.8316173;1.339166
1.273336;1.132301;1.929988;1.304566;2.289798;0.8104299;1.338277
1.287413;1.148283;1.932013;1.307691;2.293655;0.8250847;1.33702
1.294615;1.157705;1.927566;1.287173;2.295031;0.8403208;1.330861
1.294542;1.15178;1.928793;1.292302;2.301078;0.852559;1.331934
1.290667;1.149783;1.938324;1.290547;2.301316;0.8459261;1.341369
1.302612;1.14384;1.95242;1.295956;2.307787;0.8422707;1.342903
1.327378;1.140754;1.940134;1.313642;2.287879;0.8289864;1.344568
1.315783;1.147349;1.958565;1.307366;2.28696;0.8341768;1.345761
1.331627;1.170812;1.95902;1.284177;2.312385;0.8296213;1.340367
1.308829;1.189551;1.956368;1.276708;2.322076;0.8528108;1.320962
1.327139;1.207388;1.961626;1.257922;2.341652;0.847823;1.340211
1.337989;1.19965;1.961895;1.263745;2.347333;0.8247518;1.340211
1.350441;1.208458;1.964763;1.249536;2.35631;0.8361316;1.341807
1.323662;1.198979;1.965671;1.274276;2.342574;0.8157887;1.34266
1.321238;1.190983;1.967187;1.301992;2.311539;0.806644;1.342084
1.299379;1.189393;1.967541;1.300084;2.310769;0.7867463;1.333726
1.286705;1.189393;1.982101;1.300084;2.308981;0.7739826;1.339897
1.288605;1.182857;1.98946;1.317031;2.3138;0.7435886;1.339534
1.282489;1.172559;1.9898;1.319356;2.301058;0.7411974;1.342486
1.286705;1.176372;1.991091;1.306415;2.300788;0.7478042;1.34306
1.279441;1.173778;1.994464;1.291054;2.301427;0.7457352;1.342486
1.276035;1.151695;1.998224;1.249535;2.301162;0.7532373;1.341315
1.252083;1.165876;1.997738;1.228627;2.305664;0.7514328;1.339435
1.247571;1.16586;1.98234;1.236636;2.305465;0.7566248;1.339955
1.256044;1.177621;1.978588;1.237312;2.313124;0.7636715;1.341612
1.258916;1.198682;1.97728;1.22287;2.313304;0.7709441;1.339985
1.277787;1.197648;1.977604;1.208391;2.312946;0.7779881;1.316065
1.286468;1.203824;1.963255;1.209936;2.312752;0.7914109;1.304801
1.270444;1.210399;1.96519;1.213861;2.310612;0.7829111;1.316759
1.306195;1.214275;1.963302;1.231485;2.31285;0.7865447;1.324766
1.28859;1.229212;1.955989;1.207734;2.33507;0.8171735;1.317771
1.235516;1.229458;1.959934;1.21203;2.345271;0.8278683;1.304457
1.254496;1.214874;1.964805;1.227077;2.333543;0.8196408;1.304967
1.227503;1.215579;1.972444;1.246549;2.339727;0.7750858;1.303552
1.267739;1.233145;1.958529;1.228194;2.36657;0.7847558;1.325356
1.250699;1.229766;1.957301;1.22719;2.356306;0.7820086;1.324555
1.239865;1.243608;1.954849;1.245721;2.37235;0.7525603;1.311994
1.225224;1.254259;1.960513;1.198732;2.384443;0.7639682;1.311879
1.257437;1.252877;1.961427;1.218353;2.384059;0.7532703;1.309484
1.274686;1.251831;1.962341;1.239391;2.383311;0.7415328;1.307582
1.252541;1.251844;1.955685;1.233989;2.372985;0.7514014;1.294883
1.219745;1.269172;1.967229;1.197523;2.378881;0.7639871;1.286887
1.211304;1.310414;1.97131;1.168442;2.40592;0.7807853;1.297892
1.225131;1.301005;1.975982;1.167199;2.387233;0.7783932;1.274585
1.231789;1.30909;1.975848;1.167084;2.396647;0.7765188;1.274994
1.224203;1.327225;1.962942;1.127685;2.41591;0.8153562;1.274585
1.24037;1.331421;1.974882;1.144252;2.40796;0.8007016;1.287445
1.231915;1.336025;1.975876;1.144048;2.409194;0.7814139;1.287214
1.215223;1.329134;1.972607;1.159989;2.405607;0.7525778;1.287445
1.215223;1.329134;1.972607;1.159989;2.405607;0.7525778;1.287445
1.183042;1.350997;1.969707;1.143125;2.44119;0.7590647;1.277554
1.186691;1.370364;1.977211;1.122621;2.462044;0.7673487;1.270077
1.186943;1.377342;1.980328;1.115982;2.4639;0.7752742;1.269636
1.178444;1.379529;2.013746;1.116721;2.455422;0.7698138;1.274231
1.175624;1.394802;2.024327;1.095114;2.467257;0.7877579;1.274231
1.127089;1.398299;2.035474;1.090086;2.48286;0.8030399;1.263836
1.110103;1.396073;2.022239;1.096417;2.488403;0.794938;1.263836
1.072789;1.396132;2.035144;1.076159;2.499679;0.7927382;1.263199
1.075081;1.396132;2.035144;1.094215;2.508419;0.7920544;1.252995
1.063655;1.404002;2.033361;1.076794;2.517855;0.8035718;1.253684
1.04711;1.410842;2.042416;1.059974;2.528616;0.8329247;1.255258
1.042856;1.410355;2.043812;1.0537;2.545146;0.8350995;1.255647
1.018087;1.423531;2.047729;1.020882;2.565992;0.8520768;1.280309
1.027839;1.410232;2.040023;1.056394;2.538108;0.8298771;1.280309
1.027293;1.426754;2.058486;1.039257;2.544243;0.8371853;1.280309
1.003508;1.432098;2.080165;0.992389;2.550695;0.8351066;1.285069
0.9824986;1.43886;2.089669;0.9586669;2.554003;0.8641927;1.286943
0.9783217;1.416692;2.082503;0.9884272;2.541067;0.839997;1.28716
0.9771308;1.41806;2.099231;0.9518026;2.543762;0.8590142;1.286721
0.9962368;1.420922;2.094383;0.964152;2.551156;0.8429408;1.287107
0.9766924;1.433797;2.093941;0.9620202;2.568935;0.8460139;1.275598
0.9723375;1.446496;2.086946;0.9403977;2.598904;0.8540931;1.286193
0.9619268;1.459719;2.087204;0.9221023;2.618005;0.8629051;1.298406
0.9334404;1.446679;2.100156;0.9079456;2.611855;0.8749048;1.291645
0.9220597;1.464292;2.135512;0.8495553;2.628799;0.8922769;1.291963
0.896076;1.477147;2.143571;0.8216716;2.643246;0.9110786;1.292266
0.878279;1.505694;2.145431;0.8044088;2.67948;0.9246215;1.292265
0.8453025;1.509924;2.143276;0.7962706;2.677051;0.9476946;1.292691
0.8617054;1.511531;2.139967;0.8021544;2.686398;0.9385439;1.292411
0.8873695;1.509779;2.153314;0.804287;2.669825;0.9246215;1.292265
0.9137659;1.540545;2.176392;0.8095714;2.687612;0.9012542;1.290771
0.9122532;1.535002;2.176942;0.802725;2.683319;0.8975775;1.290937
0.90969;1.533036;2.186786;0.8064292;2.660139;0.9038906;1.295592
0.9045622;1.548972;2.197157;0.7987609;2.67134;0.9073812;1.295592
0.9032623;1.56812;2.218316;0.7578484;2.692006;0.9063173;1.31616
0.9219322;1.566913;2.211171;0.7723508;2.690212;0.8936475;1.31616
0.899151;1.567787;2.216484;0.7692944;2.676744;0.8871439;1.31501
0.8935645;1.556181;2.219995;0.7798372;2.667469;0.8799657;1.314876
0.8930382;1.579612;2.237782;0.74934;2.68451;0.897209;1.314876
0.8747384;1.598897;2.273367;0.7003226;2.686082;0.9117078;1.316159
0.8712834;1.617955;2.284273;0.673604;2.691418;0.927717;1.316843
0.8707756;1.634287;2.293298;0.6455887;2.697119;0.94355;1.317863
0.8643951;1.645956;2.310561;0.6177667;2.708244;0.9514013;1.317546
0.8665648;1.647371;2.329396;0.6081913;2.708897;0.9435788;1.317096
0.8369262;1.669114;2.344892;0.5726433;2.724144;0.9483446;1.318938
0.8360571;1.701225;2.37923;0.5346832;2.740524;0.9351817;1.336357
0.7889644;1.719318;2.388016;0.5244758;2.759413;0.9747637;1.341776
0.7857612;1.734698;2.404115;0.5082656;2.749496;0.9861658;1.332628
0.7435116;1.753947;2.428095;0.4621938;2.749487;0.9959976;1.337057
0.7541307;1.74976;2.435591;0.4763641;2.744623;0.9833946;1.332779
0.7432067;1.745598;2.449802;0.4635804;2.731683;0.9826126;1.335014
0.7316651;1.750831;2.451725;0.4487827;2.746508;0.9974829;1.334319
0.7316651;1.750831;2.451725;0.4487827;2.746508;0.9974829;1.334319
0.7175267;1.763023;2.459678;0.4265876;2.765285;1.019069;1.340767
0.7250658;1.759797;2.469692;0.4228571;2.786111;1.01027;1.330613
0.7171949;1.770045;2.489815;0.4198808;2.794488;1.018128;1.336826
0.7198284;1.775927;2.498507;0.4086845;2.79459;1.025009;1.336466
0.7305858;1.800921;2.538973;0.3842935;2.801617;1.041794;1.345891
0.7471071;1.815374;2.558123;0.381049;2.792728;1.063568;1.344269
0.7690178;1.843736;2.588724;0.3755914;2.794822;1.069653;1.344343
0.7514133;1.891332;2.651918;0.3236693;2.768302;1.075406;1.347616
0.742377;1.925302;2.665805;0.304291;2.759464;1.079929;1.33863
0.7443745;1.936241;2.693563;0.3135859;2.784775;1.073892;1.33704
0.7439851;1.947716;2.711856;0.2868769;2.812284;1.082908;1.339541
0.7470411;1.982584;2.740481;0.2599256;2.823787;1.104984;1.339959
0.7595214;1.986337;2.739667;0.2546367;2.823554;1.111255;1.34055
0.7645617;1.983752;2.73559;0.2486127;2.83809;1.111042;1.3398
0.7539853;1.997303;2.744945;0.2234339;2.864352;1.130913;1.338997
0.7554631;1.976163;2.740498;0.2601638;2.851842;1.109747;1.328479
0.7505084;1.983352;2.7328;0.2552339;2.858295;1.12025;1.329022
0.7434495;2.011231;2.765959;0.219197;2.885484;1.13653;1.329303
0.7487911;2.018685;2.767211;0.2298395;2.884297;1.136232;1.329022
0.7503578;2.018244;2.771609;0.2309629;2.8919;1.141816;1.335054
0.7621653;2.03245;2.786525;0.209316;2.905918;1.154232;1.325424
0.7562151;2.0594;2.824498;0.1450642;2.928544;1.179959;1.326541
0.7549729;2.067806;2.8399;0.1439387;2.948414;1.177196;1.326296
0.7402233;2.0601;2.826647;0.1517992;2.936891;1.175603;1.314108
0.7238382;2.073546;2.846035;0.1141263;2.937006;1.198869;1.313819
0.711859;2.097958;2.891634;0.08960965;2.956457;1.208475;1.313412
0.7360768;2.105905;2.914616;0.1217489;2.94232;1.192502;1.301558
0.7338234;2.101957;2.919451;0.1280196;2.945063;1.175717;1.301509
0.7401915;2.118926;2.949622;0.1355398;2.942599;1.17412;1.299031
0.7405989;2.145443;2.99838;0.1002398;2.94222;1.189908;1.307355
0.7458131;2.147147;2.996655;0.1032517;2.935751;1.185271;1.307388
0.7435011;2.131112;2.99194;0.1080972;2.935751;1.185398;1.298031
0.7453347;2.160973;3.04504;0.09871634;2.934546;1.169808;1.298209
0.7453347;2.160973;3.04504;0.09871634;2.934546;1.169808;1.298209
0.7416793;2.167603;3.058979;0.09815557;2.938722;1.161462;1.298267
0.7395489;2.160855;3.05598;0.1010573;2.940058;1.164194;1.298209
0.7416793;2.167486;3.070803;0.1004736;2.939514;1.161857;1.298267
0.7398342;2.162562;3.056943;0.09993374;2.944847;1.158431;1.302221
0.738812;2.182405;3.081181;0.08569265;2.952825;1.172431;1.299324
0.7394823;2.191065;3.097757;0.07847331;2.953927;1.162712;1.289705
0.7548811;2.182572;3.088903;0.07666462;2.947462;1.144319;1.289424
0.7684213;2.194156;3.113712;0.06388805;2.937567;1.13982;1.290615
0.7684213;2.188772;3.121866;0.05496062;2.939899;1.12513;1.293512
0.7626354;2.188772;3.11993;0.05730158;2.941779;1.119832;1.293512
0.7868107;2.192008;3.128158;0.05524056;2.93779;1.106545;1.293512
0.7878941;2.18566;3.136996;0.05470468;2.950471;1.099182;1.292424
0.7738882;2.177587;3.132361;0.05985154;2.953496;1.109185;1.292184
0.7638291;2.184197;3.159316;0.06207711;2.96338;1.101854;1.299044
0.7527681;2.197922;3.179196;0.0311699;2.973123;1.110548;1.309828
0.7735125;2.170008;3.144871;0.05104933;2.95296;1.084906;1.313472
0.7644676;2.179954;3.15565;0.04839903;2.965828;1.087198;1.314847
0.7601291;2.191044;3.195583;0.01893764;2.981087;1.09741;1.307493
0.7635353;2.192047;3.194173;0.02330205;2.976824;1.09358;1.308448
0.7595851;2.204057;3.19871;0.02348606;2.980699;1.092792;1.308403
0.7575724;2.203024;3.197046;0.02571467;2.982504;1.094496;1.308448
0.7495016;2.209259;3.195347;0.02798924;2.984347;1.09266;1.308493
0.7558808;2.225333;3.205913;0.01564883;2.995265;1.097014;1.306872
0.7593837;2.242892;3.249079;0.01644892;3.00656;1.107618;1.306784
0.7499601;2.238592;3.247549;0.02319471;2.99818;1.112409;1.306872
0.7321801;2.243791;3.249529;0.03125848;3.001994;1.110319;1.301835
0.7352879;2.266284;3.271207;0.01857104;3.009259;1.119083;1.301812
0.7368402;2.258061;3.294693;0.01857104;3.009259;1.118688;1.301812
0.7368402;2.258061;3.294693;0.01857104;3.009259;1.118688;1.301812
0.7265566;2.270545;3.306245;0.01595508;3.01641;1.124189;1.301788
0.7227981;2.28988;3.319666;0.02058795;3.02007;1.11839;1.299879
0.7410609;2.291946;3.329896;0.02301023;3.011997;1.099716;1.299788
0.7482537;2.291946;3.335299;0.02873835;3.020392;1.107656;1.311196
0.744213;2.311969;3.326742;0.0191804;3.038853;1.090713;1.311119
0.7395399;2.30627;3.320316;0.02128766;3.043132;1.086441;1.310321
0.7452059;2.309912;3.322014;0.02368996;3.03721;1.080242;1.310391
0.7452059;2.309912;3.322014;0.02368996;3.03721;1.080242;1.310391
0.7362394;2.309085;3.33312;0.03828968;3.06228;1.079687;1.303237
0.7369913;2.306722;3.348025;0.04161957;3.071194;1.068475;1.300307
0.724585;2.310545;3.361615;0.03764209;3.07906;1.070669;1.304628
0.724585;2.310545;3.361615;0.03764209;3.07906;1.070669;1.304628
0.741234;2.322478;3.404313;0.02360303;3.09928;1.078273;1.303837
0.741234;2.32852;3.404313;0.02360303;3.09928;1.085516;1.303837
0.7416679;2.346787;3.429023;0.02054902;3.106421;1.065714;1.303837
0.7399937;2.357578;3.429237;0.01843492;3.110952;1.068256;1.303841
0.7304645;2.36386;3.435752;0.01227541;3.124647;1.085276;1.306051
0.7427967;2.369249;3.438801;0.01462989;3.119517;1.086498;1.306074
0.7345326;2.365535;3.424099;0.01462989;3.126572;1.094663;1.307958
0.7170433;2.392214;3.471366;-0.005713007;3.130217;1.11539;1.314778
0.7139239;2.415339;3.495186;-0.03943795;3.148069;1.116153;1.315171
0.7078508;2.415385;3.458075;-0.03507064;3.1358;1.120911;1.331546
0.7078508;2.415385;3.444901;-0.03507064;3.145911;1.113321;1.331546
0.720953;2.43775;3.46088;-0.03772821;3.13488;1.099859;1.324894
0.712839;2.445023;3.466989;-0.03672509;3.148635;1.10932;1.31896
0.7034764;2.464067;3.503306;-0.03312743;3.157745;1.085069;1.318241
0.7034764;2.464067;3.503306;-0.03312743;3.157745;1.085069;1.318241
0.709438;2.473127;3.498338;-0.03693428;3.156308;1.071233;1.317907
0.7052071;2.489627;3.509958;-0.03312742;3.164802;1.061903;1.318241
0.7079515;2.511118;3.517726;-0.03201953;3.149701;1.050449;1.314433
0.7106832;2.513436;3.533067;-0.02725364;3.142647;1.044863;1.31468
0.7164078;2.521242;3.529084;-0.03115283;3.134766;1.049675;1.314433
0.7147466;2.51664;3.519523;-0.04505518;3.135066;1.051022;1.315811
0.7069676;2.524786;3.531073;-0.0430876;3.141198;1.040848;1.310453
0.6999224;2.531076;3.546869;-0.04213696;3.134715;1.031483;1.303847
0.696284;2.537293;3.559127;-0.04367489;3.146792;1.030309;1.303849
0.7035012;2.553839;3.574862;-0.04058939;3.159671;1.019266;1.294891
0.7007173;2.550725;3.563949;-0.04149168;3.157465;1.020293;1.294791
0.7036084;2.551203;3.561275;-0.04408989;3.144836;1.010019;1.29511
0.7072536;2.570573;3.588471;-0.03978694;3.173891;0.9939642;1.290033
0.7044492;2.573554;3.586891;-0.03180411;3.178049;0.9938221;1.302249
0.7174106;2.582003;3.61124;-0.02372438;3.182021;0.982853;1.302208
0.7130004;2.611416;3.638685;-0.03836769;3.197649;0.9834109;1.296049
0.7198248;2.613409;3.638193;-0.03562397;3.176421;0.9769903;1.295767
0.7195019;2.621604;3.641787;-0.03656825;3.200723;0.9659567;1.290808
0.7127849;2.62438;3.65565;-0.03385058;3.21702;0.9659567;1.290808
0.7155584;2.626934;3.652311;-0.0356809;3.203275;0.9655006;1.290958
0.7195019;2.624275;3.641786;-0.03656825;3.201468;0.9659567;1.290808
0.7288395;2.627058;3.630678;-0.04196477;3.194278;0.9756387;1.290958
0.722199;2.629802;3.644383;-0.04952423;3.210389;0.9666994;1.294284
0.7288395;2.623758;3.631827;-0.05386345;3.194871;0.96163;1.291516
0.7235371;2.615035;3.624082;-0.05333236;3.197493;0.9541079;1.294135
0.7207924;2.62166;3.635302;-0.05166664;3.212255;0.9459874;1.292998
0.7325029;2.629279;3.639684;-0.05386345;3.211312;0.936882;1.293375
0.7430034;2.604782;3.616934;-0.05885093;3.184618;0.9496729;1.290173
0.7430034;2.604782;3.616934;-0.05885093;3.184618;0.9496729;1.290173
0.7403955;2.601802;3.621278;-0.06818754;3.189262;0.9477758;1.283419
0.737684;2.619107;3.648517;-0.05757187;3.201343;0.9388543;1.268239
0.7317327;2.627361;3.651953;-0.06083014;3.209372;0.9385476;1.267965
0.74185;2.647731;3.644626;-0.06454612;3.191304;0.9267566;1.263477
0.7377458;2.652652;3.654885;-0.06336762;3.202752;0.9222115;1.255626
0.7320769;2.673383;3.686058;-0.06175712;3.212404;0.9174914;1.242066
0.7332104;2.683513;3.696943;-0.06095008;3.226564;0.9294136;1.248662
0.7298273;2.693521;3.699177;-0.06700739;3.208534;0.9211547;1.246125
0.7340307;2.713188;3.707387;-0.06577415;3.213909;0.9076878;1.235513
0.7324068;2.717429;3.710501;-0.05855786;3.21232;0.9119175;1.231249
0.7258409;2.712094;3.7182;-0.06019492;3.218575;0.9172122;1.237359
0.7202108;2.700096;3.698328;-0.04473523;3.229946;0.9119443;1.234664
0.724032;2.698589;3.688772;-0.04568307;3.228512;0.9117918;1.243051
0.724032;2.698589;3.688772;-0.04568307;3.228512;0.9117918;1.243051
0.7192072;2.732994;3.708195;-0.03718901;3.220803;0.8832381;1.229526
0.7045;2.741122;3.717235;-0.03203361;3.253276;0.8863135;1.226069
0.7060074;2.75381;3.705551;-0.03830545;3.252799;0.8783168;1.216782
0.7140878;2.763484;3.713233;-0.03375073;3.252799;0.8703332;1.211622
0.7167554;2.767925;3.718456;-0.0355218;3.247865;0.878151;1.212638
0.7144433;2.777246;3.720092;-0.03897398;3.262765;0.8664699;1.203939
0.7156798;2.786175;3.723209;-0.03618916;3.273447;0.8630887;1.205992
0.719331;2.782936;3.714223;-0.03270353;3.275585;0.8624214;1.204949
0.7146671;2.796896;3.729922;-0.03656092;3.289443;0.8633998;1.203395
0.7146671;2.796896;3.729922;-0.03656092;3.289443;0.8633998;1.203395
0.7197199;2.807803;3.740958;-0.03491135;3.294502;0.8552649;1.20062
0.7247376;2.814912;3.755857;-0.04563002;3.302375;0.8771229;1.206598
0.7165019;2.819735;3.762604;-0.04646447;3.302524;0.8722141;1.206598
0.7189797;2.829584;3.763715;-0.04882076;3.302691;0.8602573;1.201996
0.7165019;2.824558;3.762604;-0.04603121;3.302524;0.8660888;1.200933
0.7253416;2.830728;3.768183;-0.04537868;3.293766;0.8571741;1.198739
0.7305591;2.84088;3.747153;-0.05119191;3.283861;0.841351;1.195269
0.7329634;2.847144;3.757734;-0.05414817;3.277415;0.8530433;1.202069
0.7338008;2.860857;3.790998;-0.06911223;3.30191;0.8533482;1.193316
0.7324039;2.8605;3.793489;-0.06141071;3.305641;0.8486784;1.195553
0.7368188;2.865517;3.787992;-0.05204664;3.300673;0.8524727;1.196586
0.7426624;2.87305;3.79891;-0.05674313;3.292206;0.8523036;1.203501
0.7566842;2.870635;3.78761;-0.05672054;3.277836;0.8534716;1.207981
0.7488512;2.867481;3.801081;-0.04844143;3.29032;0.8573964;1.202481
0.7520207;2.880652;3.795569;-0.04861663;3.276771;0.8525558;1.2092
0.745446;2.88759;3.804991;-0.05667488;3.295336;0.8499349;1.214825
0.7432439;2.88799;3.809608;-0.05523483;3.300456;0.8479277;1.213895
0.7356346;2.891126;3.820496;-0.04555516;3.315942;0.8494387;1.219036
0.7378919;2.893347;3.815816;-0.04707927;3.310716;0.85141;1.219903
0.7371215;2.896878;3.829911;-0.03619542;3.323709;0.8584496;1.223352
0.7284268;2.907889;3.842807;-0.05179582;3.339232;0.849499;1.212234
0.7180824;2.908296;3.858698;-0.05277416;3.375886;0.8463997;1.206836
0.7156707;2.909014;3.851534;-0.05372661;3.376041;0.8455974;1.205854
0.7191727;2.908589;3.85024;-0.05469849;3.367413;0.8447789;1.197144
0.7203085;2.907436;3.838837;-0.04819007;3.34967;0.8430905;1.199583
0.7154245;2.908589;3.845521;-0.04207239;3.366932;0.8404751;1.201662
0.7177883;2.914828;3.863084;-0.02449807;3.385816;0.83277;1.191885
0.7153489;2.91562;3.855892;-0.01538432;3.386075;0.8318205;1.19074
0.7128323;2.91912;3.858466;-0.003547121;3.402785;0.8374102;1.185057
0.6936381;2.922353;3.880247;0.004053039;3.455983;0.8548803;1.177801
0.6936381;2.927126;3.880247;0.004053039;3.455983;0.8433017;1.172195
0.6926357;2.937933;3.896112;0.00824192;3.457012;0.8430282;1.167674
0.7045674;2.944056;3.878777;0.01152908;3.434556;0.8484501;1.170934
0.7006596;2.946036;3.909423;0.0222507;3.455562;0.8365893;1.170879
0.7017745;2.950226;3.904075;0.03371578;3.47269;0.8414335;1.164977
0.6979079;2.952768;3.91063;0.04183573;3.487614;0.8396126;1.160262
0.7001927;2.956372;3.905436;0.04746686;3.496678;0.8415651;1.15661
0.702866;2.955131;3.905034;0.05486266;3.495259;0.8424427;1.158146
0.702866;2.955131;3.903798;0.05390134;3.495259;0.8424427;1.161705
0.7173144;2.954225;3.883017;0.04604346;3.476036;0.8325943;1.152698
0.7213352;2.952804;3.894558;0.0322259;3.473633;0.8265881;1.159382
0.7136827;2.963624;3.893734;0.04463749;3.494171;0.8229677;1.155714
0.7049718;2.967497;3.90461;0.04654179;3.510502;0.8119285;1.141321
0.6931909;2.972573;3.917631;0.06708876;3.571123;0.8102177;1.129151
0.6936151;2.969848;3.926513;0.05955847;3.563314;0.8062289;1.132882
0.690362;2.968676;3.935595;0.06353848;3.58432;0.8292723;1.129896
0.6829213;2.969353;3.948863;0.06827482;3.594934;0.8340715;1.140599
0.6810716;2.970399;3.94957;0.08239687;3.607342;0.8399463;1.147848
0.6819872;2.969197;3.948033;0.07630768;3.6012;0.8372328;1.146338
0.6869897;2.972407;3.940265;0.09015592;3.591072;0.845263;1.146486
0.6891176;2.974891;3.935539;0.09540059;3.591583;0.8596189;1.146435
0.680681;2.979076;3.94323;0.1035716;3.607909;0.8589635;1.140439
0.6859336;2.980495;3.935462;0.1041922;3.610334;0.8655007;1.138803
0.6859336;2.980495;3.935462;0.1041922;3.610334;0.8655007;1.138803
0.6908047;2.980287;3.930319;0.100931;3.614162;0.8603768;1.143664
0.6908047;2.980287;3.930319;0.100931;3.614162;0.8603768;1.143664
0.6908047;2.980287;3.930319;0.100931;3.614162;0.8603768;1.143664
0.6965019;2.980287;3.929735;0.1020568;3.614162;0.8585584;1.139322
0.6965019;2.980287;3.929735;0.1020568;3.614162;0.8585584;1.139322
0.6965019;2.980287;3.929735;0.1020568;3.614162;0.8585584;1.139322
0.6975612;2.979194;3.929192;0.102175;3.608148;0.8508587;1.143128
0.693356;2.981358;3.935931;0.106191;3.620059;0.8541151;1.142884
0.6975885;2.980287;3.933075;0.1091652;3.61284;0.853412;1.145697
0.6997499;2.97808;3.932044;0.09981898;3.600665;0.8482543;1.146051
0.7038476;2.977211;3.928079;0.09059207;3.590339;0.8458554;1.150401
0.697386;2.972921;3.930919;0.1016015;3.620291;0.8358284;1.150852
0.7015378;2.978909;3.921252;0.1033123;3.618628;0.8314183;1.146497
0.7018443;2.982373;3.915846;0.1085402;3.622462;0.8389769;1.146484
0.7038889;2.982326;3.918267;0.1257265;3.638421;0.8479232;1.146226
0.7004046;2.985891;3.925513;0.1277465;3.624448;0.8568774;1.152361
0.6905253;2.988236;3.933916;0.1326355;3.63317;0.8596924;1.148011
0.6886013;2.990187;3.931281;0.1410896;3.644378;0.864485;1.14763
0.6906374;2.988078;3.943641;0.1484362;3.657881;0.875055;1.148543
0.6906374;2.988078;3.94364;0.1484361;3.657881;0.875055;1.148543
0.6896834;2.989045;3.944027;0.1524742;3.663199;0.8689498;1.149961
0.6896834;2.989045;3.944027;0.1524742;3.663199;0.8689498;1.149961
0.6871392;2.987273;3.949572;0.1518787;3.671384;0.8725257;1.149713
0.6862181;2.988248;3.949902;0.1558843;3.676575;0.8747783;1.146942
0.6827528;2.986158;3.943847;0.1500504;3.689815;0.8764765;1.140446
0.6827528;2.978431;3.943847;0.1500504;3.689815;0.8764765;1.144623
0.6744925;2.981767;3.937708;0.1510773;3.689716;0.8742671;1.146065
0.6752941;2.98074;3.937266;0.1470641;3.684698;0.8720309;1.147847
0.6763124;2.981063;3.925858;0.1540842;3.677703;0.8706952;1.135375
0.6754858;2.984281;3.925287;0.1570133;3.682883;0.8729868;1.136932
0.6782815;2.978781;3.929801;0.1491037;3.670125;0.8636127;1.141005
0.6783304;2.979889;3.930343;0.1533351;3.675585;0.8660651;1.139185
0.6814072;2.979889;3.927941;0.1571808;3.66711;0.8766479;1.140185
0.6844965;2.978781;3.921541;0.1583375;3.661565;0.8761562;1.138547
0.6844965;2.978781;3.921541;0.1583375;3.661565;0.8761562;1.138547
0.6852964;2.979087;3.929041;0.1563121;3.673374;0.8771318;1.136631
0.692112;2.972285;3.929575;0.1603521;3.670526;0.8793834;1.145744
0.6968207;2.972099;3.922806;0.1859387;3.697342;0.8800824;1.145126
0.6968207;2.972099;3.922806;0.1859387;3.697342;0.8800824;1.145126
0.698081;2.980594;3.923876;0.1859221;3.693429;0.8761807;1.143723
0.6991454;2.979516;3.922118;0.1809673;3.688251;0.8791581;1.14388
0.7002308;2.978416;3.921499;0.1770513;3.68297;0.8768597;1.14673
0.7037229;2.980594;3.929278;0.1848071;3.693429;0.8858114;1.142067
0.7033693;2.979829;3.924925;0.1926487;3.702092;0.9096653;1.145759
0.7008597;2.978552;3.9305;0.196486;3.710986;0.9083489;1.144192
0.6881242;2.982262;3.944842;0.1962782;3.729043;0.91675;1.138114
0.6805242;2.981142;3.949725;0.196901;3.747957;0.9251783;1.139432
0.6804942;2.982215;3.956649;0.2002429;3.753251;0.9275213;1.142205
0.6853677;2.993101;3.950741;0.2020374;3.770121;0.9322131;1.133786
0.6798581;2.996236;3.949893;0.2046334;3.774636;0.934004;1.135437
0.6847172;2.99717;3.95692;0.208315;3.779061;0.940246;1.13267
0.6788079;3.011327;3.951205;0.233035;3.813998;0.951407;1.124018
0.6855512;3.002516;3.961983;0.2509828;3.823596;0.9658152;1.124316
0.6877961;3.002077;3.959861;0.2591218;3.84495;0.9692618;1.121019
0.6934381;3.002077;3.959283;0.2618373;3.84495;0.967461;1.11672
0.6966213;3.002077;3.954905;0.2700357;3.844306;0.9692618;1.122911
0.6939622;3.004755;3.962938;0.2641326;3.849684;0.9708841;1.113919
0.6991234;3.003104;3.960189;0.265565;3.841894;0.9635098;1.11462
0.7074686;3.003591;3.958186;0.2641559;3.835441;0.959049;1.119779
0.7052432;3.005233;3.949303;0.2617328;3.836601;0.959673;1.116711
0.7084124;3.007266;3.943412;0.2638301;3.841135;0.9599954;1.106507
0.7136258;3.004335;3.944115;0.2690114;3.850972;0.9648551;1.104608
0.7197111;3.004335;3.938471;0.2741552;3.850972;0.9666386;1.101272
0.7213452;3.002642;3.935052;0.2682274;3.843705;0.9638021;1.110977
0.7243192;3.004461;3.931393;0.2628345;3.834452;0.9634984;1.120744
0.743723;3.006134;3.93898;0.2689246;3.847521;0.9707676;1.12337
0.7601383;2.993587;3.937273;0.2724437;3.838584;0.9873089;1.121162
0.756427;2.997075;3.943334;0.2833894;3.853251;1.004306;1.120009
0.7514341;2.996066;3.941153;0.2919737;3.869944;0.9993075;1.115245
0.7480012;2.99884;3.933755;0.2963431;3.877991;1.001041;1.117017
0.7480012;2.99884;3.933755;0.2963431;3.877991;1.001041;1.117017
0.7470344;2.99969;3.935324;0.2940477;3.881173;1.002062;1.116665
0.739042;2.997974;3.929707;0.2887189;3.87475;0.9974756;1.121583
0.7315567;2.999245;3.923157;0.2948661;3.897303;0.9990516;1.121042
0.7261004;2.997537;3.927488;0.2958095;3.891242;0.9991812;1.119092
0.7261004;2.997537;3.927488;0.2958095;3.891242;0.9991812;1.119092
0.7078273;3.00856;3.920071;0.2947362;3.891242;0.9949461;1.12323
0.7024178;3.006997;3.918842;0.2893697;3.884949;0.9927298;1.119739
0.7003075;3.00856;3.92007;0.3015242;3.891242;0.9949461;1.109655
0.7136173;3.007257;3.918117;0.3158832;3.901835;1.007963;1.106615
0.7189052;3.00008;3.9119;0.3277045;3.891054;1.010002;1.109379
0.7202742;3.001726;3.909511;0.3368549;3.888542;1.020243;1.106628
0.7165648;3.002248;3.917971;0.3565959;3.898494;1.011235;1.11371
0.7131948;3.013506;3.906965;0.3601594;3.899324;1.012936;1.107392
0.7038423;3.008379;3.904907;0.3663623;3.909468;1.012661;1.105571
0.7127141;3.004619;3.902073;0.3707586;3.921143;1.011448;1.101907
0.7138874;3.0038;3.902417;0.3698931;3.918282;1.010497;1.101192
0.7076151;3.001027;3.906719;0.3662561;3.924247;1.001305;1.092156
0.7099307;2.99927;3.908899;0.3693395;3.918417;1.001485;1.091453
0.7053644;2.998007;3.909591;0.3747487;3.926799;1.010423;1.0836
0.7152835;2.998818;3.903928;0.3799425;3.935159;1.004309;1.087016
0.7265112;2.997;3.911953;0.3881192;3.935149;0.9963749;1.077789
0.7210988;3.015326;3.910004;0.3905777;3.927692;0.9918835;1.085551
0.7317026;3.016797;3.915196;0.4017993;3.944809;0.9821122;1.086775
0.7302948;3.025637;3.91214;0.3969528;3.95591;0.98844;1.078051
0.7317026;3.037026;3.912311;0.3946835;3.953253;0.9872114;1.073894
0.7253134;3.040129;3.91356;0.4031797;3.969326;1.008855;1.067114
0.7332017;3.040129;3.914723;0.4043056;3.97368;1.008855;1.076923
0.7332017;3.040129;3.914723;0.4043056;3.97368;1.008855;1.076923
0.7332017;3.040129;3.914723;0.4043056;3.97368;1.008855;1.076923
0.7332017;3.040129;3.914723;0.4043056;3.97368;1.008855;1.076923
0.7447397;3.039629;3.912803;0.4098007;3.967146;1.009677;1.083594
0.7509196;3.037431;3.913615;0.4127531;3.995302;1.017401;1.079838
0.7472464;3.037714;3.918567;0.4248548;4.00948;1.018088;1.076369
0.7396919;3.040412;3.917536;0.4184554;4.004404;1.020059;1.069827
0.7404019;3.031337;3.924192;0.4326303;4.016793;1.020547;1.068502
0.752786;3.031896;3.93113;0.4333195;4.024119;1.017344;1.066497
0.7603766;3.031896;3.934617;0.4344029;4.028308;1.017345;1.07077
0.7599055;3.031896;3.929238;0.4359582;4.024119;1.015595;1.059519
0.7599055;3.031896;3.929238;0.4359582;4.024119;1.015595;1.059519
0.7619224;3.039305;3.93348;0.4446073;4.037495;1.019202;1.065682
0.7641104;3.040256;3.932825;0.4470493;4.032182;1.018525;1.062735
0.7679607;3.032202;3.930482;0.4481127;4.033712;1.023507;1.06577
0.7679607;3.032202;3.930482;0.4481127;4.033712;1.023507;1.06577
0.7666501;3.036471;3.936456;0.4537987;4.043543;1.020329;1.061323
0.7732092;3.035429;3.939124;0.470765;4.047189;1.020363;1.05896
0.7692108;3.035429;3.939159;0.4670472;4.043894;1.020363;1.05896
0.7692108;3.035429;3.93869;0.474114;4.043894;1.029113;1.071543
0.7799239;3.036471;3.950021;0.4846475;4.047246;1.023319;1.087288
0.7797989;3.039525;3.949602;0.4869066;4.036605;1.016643;1.097066
0.7820445;3.037474;3.955308;0.4909889;4.057823;1.022752;1.106313
0.7820445;3.037474;3.955308;0.4909889;4.057823;1.022752;1.106313
0.7838438;3.036977;3.956143;0.4912632;4.056292;1.021924;1.104513
0.7731777;3.039235;3.964309;0.4914736;4.068218;1.033443;1.10322
0.7756107;3.037217;3.967764;0.4925469;4.072368;1.033443;1.106314
0.7756107;3.037217;3.967764;0.4925469;4.072368;1.033443;1.106314
0.7773663;3.036713;3.967605;0.4931375;4.07096;1.032708;1.107721
0.773901;3.038991;3.97348;0.5004148;4.084336;1.034458;1.104449
0.773901;3.038991;3.97348;0.5004148;4.084336;1.034458;1.104449
0.773901;3.038991;3.97348;0.5004148;4.084336;1.034458;1.104449
0.773901;3.038991;3.97348;0.5004148;4.084336;1.034458;1.104449
0.773901;3.038991;3.97348;0.5004148;4.084336;1.034458;1.104449
0.7781945;3.036955;3.978626;0.5014983;4.081364;1.032866;1.088879
0.7704442;3.032764;3.97101;0.502367;4.083292;1.037274;1.098762
0.7760647;3.034101;3.966065;0.5061218;4.090259;1.043533;1.098144
0.7817065;3.034101;3.964335;0.5077223;4.093057;1.041732;1.104481
0.7798585;3.034645;3.960277;0.5083834;4.094293;1.027075;1.102225
0.7798586;3.034645;3.959136;0.5055677;4.091477;1.019374;1.105511
0.7801902;3.035701;3.959582;0.5069057;4.085045;1.026185;1.109448
0.786139;3.033004;3.960237;0.5090335;4.088803;1.032146;1.106465
0.7843515;3.033528;3.960458;0.5167311;4.081446;1.032866;1.105107
0.7955119;3.035329;3.957188;0.5210908;4.092134;1.033848;1.10612
0.7974193;3.034817;3.958032;0.5216413;4.090935;1.033131;1.104336
0.7859167;3.034817;3.956026;0.5222967;4.086824;1.033131;1.098107
0.7789289;3.034817;3.961307;0.5207702;4.086824;1.026668;1.10292
0.7734584;3.032766;3.961168;0.5286545;4.099819;1.02359;1.089239
0.7836646;3.033297;3.961763;0.5290932;4.100877;1.015515;1.09167
0.7814457;3.035362;3.960351;0.5374144;4.110825;1.02211;1.091012
0.7781064;3.037558;3.966012;0.5444271;4.123714;1.023797;1.087858
0.7759522;3.038147;3.963345;0.5438336;4.11779;1.029725;1.07758
0.7703374;3.037762;3.962528;0.53313;4.113797;1.045201;1.066172
0.7789614;3.033999;3.967699;0.5387792;4.127752;1.038682;1.065976
0.7789614;3.033999;3.967699;0.5387792;4.127752;1.038682;1.065976
0.7759964;3.035099;3.971783;0.5410931;4.129574;1.039628;1.073274
0.7759964;3.044552;3.965798;0.5396703;4.123271;1.046193;1.073274
0.7598138;3.043117;3.965979;0.5511823;4.124216;1.054658;1.057715
0.7675504;3.043117;3.969533;0.5522866;4.128486;1.054658;1.060898
0.7692789;3.042656;3.976997;0.5591872;4.127582;1.049157;1.061058
0.7710413;3.032639;3.982965;0.5604544;4.133026;1.050579;1.062077
0.7648947;3.033202;3.984115;0.5533392;4.133885;1.053007;1.061058
0.7592527;3.03988;3.985371;0.5533391;4.143031;1.046557;1.06204
0.7592527;3.03988;3.985371;0.5533391;4.143031;1.046557;1.06204
0.7620396;3.040091;3.987716;0.560846;4.149444;1.05321;1.065418
0.7655377;3.03961;3.985356;0.5606971;4.144527;1.052656;1.060042
0.7656805;3.044734;3.98592;0.550288;4.1415;1.051692;1.0578
0.7656805;3.041988;3.988698;0.5489185;4.144445;1.038736;1.05995
0.7664584;3.041529;3.988737;0.5486585;4.143717;1.046386;1.06091
0.7849636;3.045398;3.989334;0.5507001;4.14927;1.04587;1.064281
0.7918967;3.045398;3.989334;0.5507001;4.14927;1.04587;1.064281
0.7867903;3.044975;3.989379;0.5518287;4.148594;1.045259;1.059456
0.7854546;3.050039;3.99107;0.5470201;4.15203;1.057042;1.058548
0.7838224;3.051952;3.997063;0.5502256;4.16487;1.058292;1.05621
0.7779163;3.051201;3.999021;0.5497159;4.163769;1.054537;1.059115
0.7961655;3.05158;4.002071;0.5405251;4.177134;1.057364;1.06822
0.7876077;3.048474;4.001904;0.5553957;4.177557;1.057878;1.067162
0.7895126;3.048069;4.002071;0.5551929;4.177134;1.057364;1.064934
0.7876078;3.048474;4.001904;0.5657733;4.177557;1.057878;1.063908
0.7857391;3.048872;4.001741;0.5658743;4.177972;1.058382;1.062901
0.785705;3.050169;3.998074;0.5668443;4.176879;1.054379;1.067171
0.7839051;3.05631;3.99795;0.5669326;4.177289;1.061899;1.066162
0.7742611;3.055668;3.995854;0.5565705;4.172312;1.060976;1.061912
0.7684133;3.055338;3.988599;0.5552993;4.163909;1.067704;1.059777
0.7718537;3.054659;3.993766;0.5559964;4.1628;1.075359;1.058466
0.7666188;3.063179;3.998396;0.5679408;4.176863;1.076356;1.054197
0.7764539;3.063178;3.996699;0.5766431;4.176863;1.072785;1.058204
0.7782513;3.062915;3.996816;0.5780538;4.176433;1.072415;1.059176
0.7786132;3.063438;3.996551;0.578024;4.177285;1.069891;1.057251
0.7749796;3.066739;4.001462;0.5915702;4.185796;1.077127;1.0428
0.7663951;3.068755;3.989455;0.5971108;4.183368;1.073833;1.04207
0.7815408;3.088467;3.984964;0.5986797;4.174975;1.068808;1.050012
0.7601101;3.090834;3.98689;0.5974958;4.187953;1.065473;1.06109
0.7445978;3.085223;3.984453;0.618426;4.183641;1.056897;1.054558
0.7388004;3.085426;3.984459;0.6236456;4.184933;1.036177;1.050916
0.7354084;3.083128;3.985038;0.617363;4.177299;1.035155;1.05326
0.7250882;3.082986;3.984359;0.6131514;4.172274;1.035469;1.052405
0.7238213;3.081344;3.993252;0.6281193;4.172735;1.033349;1.048321
0.7199587;3.081075;3.991088;0.634622;4.167056;1.039595;1.044483
0.7168192;3.080888;3.992483;0.6322;4.165987;1.043186;1.043836
0.7180797;3.080791;3.992561;0.6327517;4.165436;1.042512;1.044695
0.7180797;3.080791;3.992561;0.6327517;4.165436;1.042512;1.044695
0.7225165;3.080888;3.990736;0.6338162;4.165987;1.041368;1.047962
0.7238333;3.090346;3.990798;0.6404066;4.165436;1.040924;1.048861
0.7147282;3.094427;3.988382;0.6445391;4.166395;1.047204;1.051713
0.7159557;3.096262;3.990057;0.6445124;4.165853;1.046575;1.055471
0.720651;3.096207;3.997096;0.6363077;4.170705;1.047204;1.061048
0.7170847;3.091251;4.003142;0.6437969;4.18447;1.0601;1.066277
0.7170847;3.091251;4.003142;0.6437969;4.18447;1.0601;1.066277
0.7170847;3.091251;4.003142;0.6508484;4.18447;1.068676;1.066277
0.7158582;3.091245;4.002964;0.6498765;4.184696;1.066303;1.065228
0.7294286;3.089155;4.007706;0.6528191;4.184338;1.063367;1.064312
0.7267636;3.097183;4.007703;0.6582822;4.185026;1.075341;1.062271
0.7192667;3.087521;4.012291;0.6617236;4.179598;1.078802;1.04972
0.7164341;3.08693;4.019879;0.6628775;4.185746;1.06768;1.040183
0.7151267;3.089451;4.017175;0.6769571;4.190186;1.077166;1.033498
0.7163703;3.087933;4.017498;0.6853228;4.189875;1.076828;1.034254
0.7094294;3.08796;4.014893;0.6842557;4.190909;1.079689;1.035344
0.7044892;3.076819;4.020936;0.6930652;4.197141;1.083135;1.035344
0.6991255;3.077085;4.02257;0.6903679;4.205842;1.087241;1.036651
0.6991255;3.077085;4.02257;0.6903679;4.205842;1.087241;1.036651
0.7001896;3.082266;4.022939;0.6914737;4.205689;1.080487;1.034106
0.7023812;3.0821;4.023698;0.6793684;4.205374;1.070729;1.03277
0.7071222;3.082346;4.028968;0.6833842;4.205842;1.098335;1.030589
0.701203;3.080876;4.028545;0.6807202;4.210118;1.095702;1.029889
0.6970562;3.080968;4.03042;0.6724383;4.210853;1.084775;1.028249
0.6941201;3.071931;4.020158;0.6733522;4.210772;1.076357;1.028926
0.6933576;3.072108;4.019822;0.6724383;4.206203;1.072339;1.028249
0.678353;3.071382;4.017535;0.6798932;4.191702;1.065632;1.0309
0.6739269;3.071382;4.019996;0.6798932;4.196055;1.065632;1.037496
0.6642159;3.06974;4.018984;0.6887178;4.196785;1.064627;1.04049
0.6667075;3.069539;4.016902;0.689797;4.192277;1.064178;1.034823
0.6789927;3.070131;4.015996;0.7069837;4.193099;1.065499;1.035344
0.6900423;3.070131;4.015962;0.7001957;4.193099;1.076698;1.029946
0.6900423;3.070131;4.015962;0.7001957;4.193099;1.076698;1.029946
0.6900423;3.070131;4.015962;0.7001957;4.193099;1.076698;1.029946
0.6900423;3.070131;4.015962;0.7001957;4.193099;1.076698;1.029946
0.6917175;3.06974;4.010746;0.7326977;4.180175;1.073692;1.032795
0.6917175;3.06974;4.010746;0.7326977;4.180175;1.073692;1.032795
0.6927003;3.070788;4.012138;0.7353041;4.179776;1.07716;1.040931
0.6982879;3.064175;4.010453;0.735304;4.179798;1.071615;1.048847
0.684975;3.063655;4.01096;0.7328792;4.174625;1.070837;1.04405
0.6871534;3.066006;4.011487;0.7360072;4.17335;1.062272;1.042371
0.6914495;3.06625;4.007278;0.7344278;4.173828;1.062758;1.041527
0.6914495;3.06625;4.007278;0.7344278;4.173828;1.062758;1.041527
0.7005147;3.066006;4.010015;0.7360072;4.194657;1.062272;1.045681
0.7108178;3.065757;4.006021;0.7397621;4.185738;1.065243;1.04893
0.7057277;3.064115;4.006021;0.7306802;4.185601;1.062319;1.04893
0.6987457;3.061419;4.020662;0.7180912;4.19856;1.059772;1.056243
0.6976749;3.068449;4.020308;0.7167029;4.198786;1.055759;1.055271
0.6912736;3.068229;4.022426;0.716459;4.19856;1.057045;1.057244
0.6930463;3.068664;4.024128;0.7300845;4.203319;1.055744;1.061831
0.6899019;3.068876;4.02267;0.7547996;4.199225;1.043231;1.065072
0.6899019;3.068876;4.02267;0.7547996;4.199225;1.043231;1.065072
0.6955984;3.069286;4.025708;0.758287;4.199646;1.038323;1.072352
0.6866953;3.063058;4.022103;0.7878036;4.199852;1.038779;1.077677
0.6882017;3.055435;4.016183;0.8130998;4.207007;1.057023;1.071383
0.6768129;3.051392;4.014693;0.8006598;4.218464;1.059988;1.06707
0.6768129;3.051392;4.014693;0.8006598;4.218464;1.059988;1.06707
0.6678508;3.049948;4.01299;0.7942748;4.215734;1.060965;1.071485
0.6678508;3.049948;4.01299;0.7942748;4.215734;1.060965;1.071485
0.6525249;3.049948;4.010249;0.8168371;4.219527;1.058655;1.066438
0.6442275;3.04629;4.01618;0.8135973;4.237157;1.062153;1.068313
0.6442275;3.057299;4.01618;0.8066801;4.237157;1.062123;1.068313
0.6391659;3.056978;4.022159;0.8073084;4.237307;1.063434;1.072612
0.6520807;3.050807;4.022896;0.8045145;4.237615;1.060639;1.066512
0.6520807;3.05208;4.024059;0.8217454;4.237615;1.066036;1.081176
0.6565863;3.054235;4.032543;0.8332031;4.241955;1.064121;1.078229
0.659269;3.054928;4.031595;0.8289872;4.241567;1.070144;1.075922
0.6556234;3.062419;4.026638;0.8108241;4.246999;1.071679;1.058677
0.6577193;3.064903;4.011693;0.8158908;4.255441;1.070974;1.050713
0.6583947;3.064649;4.011961;0.81107;4.255776;1.070575;1.04878
0.6765299;3.067159;4.002516;0.810084;4.24349;1.060652;1.04681
0.6876764;3.068537;4.000929;0.8395231;4.239417;1.056377;1.07368
0.7060091;3.068754;4.004862;0.8231494;4.243595;1.066135;1.076544
0.7089153;3.068966;4.013831;0.8296516;4.24308;1.069443;1.082425
0.7048782;3.073278;4.023067;0.8506821;4.242779;1.054591;1.089456
0.7043494;3.073445;4.017382;0.8441266;4.239759;1.048886;1.089071
0.7074127;3.075158;4.01707;0.8528225;4.235459;1.052237;1.087814
0.6987098;3.078787;4.025753;0.8730804;4.229511;1.048753;1.079989
0.7095497;3.073673;4.03028;0.8951755;4.22546;1.053044;1.090392
0.7062385;3.073344;4.028908;0.9006765;4.225535;1.054412;1.094808
0.7051162;3.07778;4.030583;0.9009263;4.225067;1.057351;1.093484
0.7095108;3.080013;4.032036;0.9156548;4.236449;1.058112;1.089406
0.7008282;3.083564;4.030238;0.9242386;4.230491;1.048424;1.092581
0.6971759;3.083633;4.037221;0.9445907;4.230403;1.049186;1.094241
0.6961302;3.083493;4.038274;0.944957;4.230716;1.050838;1.095819
0.6919718;3.075404;4.050983;0.979881;4.231137;1.046603;1.103082
0.682991;3.075555;4.047841;0.9824506;4.226646;1.047244;1.096128
0.682991;3.079952;4.057224;0.9856412;4.226339;1.047244;1.103309
0.6867583;3.078071;4.051517;0.9633564;4.235219;1.055224;1.10524
0.6905863;3.07832;4.048428;0.9580285;4.23495;1.054498;1.106474
0.691597;3.078197;4.049066;0.961844;4.235083;1.05393;1.107967
0.691597;3.082638;4.058543;0.9820402;4.234773;1.056888;1.115219
0.6935777;3.082717;4.057811;0.9969469;4.234642;1.055025;1.119682
0.7001149;3.082795;4.057093;0.9999453;4.234514;1.055577;1.118088
0.7041916;3.079174;4.065788;0.9928246;4.24056;1.060852;1.118088
0.6964277;3.078827;4.063252;0.9891029;4.241135;1.051865;1.118715
0.6923767;3.072515;4.054385;0.9635305;4.241511;1.050779;1.111776
0.6862299;3.080766;4.061695;0.9883781;4.240613;1.053104;1.112805
0.6852818;3.082518;4.060939;0.9810081;4.240426;1.053674;1.111279
0.684352;3.084236;4.060198;0.9737812;4.240243;1.054234;1.109782
0.6874385;3.090332;4.069181;0.983447;4.239765;1.0628;1.117866
0.6899939;3.088689;4.063097;0.9818002;4.240243;1.056961;1.111687
0.6890278;3.087619;4.062342;0.9867955;4.240064;1.055152;1.110201
0.6890278;3.087619;4.062342;0.9867955;4.240064;1.055152;1.110201
0.7031007;3.087619;4.068832;0.9831633;4.245562;1.059509;1.109229
0.6991023;3.096384;4.068868;0.9831633;4.245562;1.041143;1.109229
0.7001279;3.099396;4.085885;1.026064;4.236448;1.04243;1.115832
0.7019297;3.103346;4.09275;1.036438;4.235886;1.051426;1.119608
0.6872974;3.107459;4.09937;1.030717;4.231863;1.058793;1.121352
0.6754626;3.107698;4.101019;1.04816;4.231863;1.058265;1.129985
0.6731613;3.10802;4.103251;1.050207;4.232057;1.052188;1.132148
0.6842865;3.107542;4.106178;1.042188;4.236008;1.05152;1.126403
0.6842865;3.107542;4.106178;1.042188;4.236008;1.05152;1.126403
0.6814865;3.10802;4.098482;1.031146;4.236709;1.056832;1.12613
0.6797833;3.107698;4.096374;1.03129;4.236429;1.055595;1.13029
0.6797833;3.11181;4.099405;1.0652;4.24394;1.056088;1.143719
0.6789552;3.103137;4.092661;1.075787;4.251463;1.054369;1.148661
0.6789552;3.103137;4.092661;1.075787;4.251463;1.054369;1.148661
0.6633881;3.10971;4.076891;1.092181;4.24236;1.031893;1.149466
0.6607245;3.112952;4.076003;1.093476;4.236457;1.037611;1.147685
0.6594298;3.112547;4.067155;1.09412;4.236187;1.036746;1.151377
0.6594298;3.116584;4.082956;1.110843;4.235905;1.039435;1.15797
0.6666045;3.114047;4.079609;1.11103;4.235649;1.036896;1.158593
0.667299;3.114258;4.080465;1.109303;4.235776;1.027903;1.160408
0.6661881;3.116981;4.081002;1.122244;4.239623;1.029776;1.168849
0.6597892;3.116981;4.080667;1.130575;4.250004;1.035636;1.175441
0.6787253;3.116744;4.085883;1.125583;4.2549;1.0404;1.172564
0.6787253;3.116744;4.085883;1.125583;4.2549;1.0404;1.172564
0.677353;3.117469;4.096049;1.130606;4.255825;1.035694;1.171258
0.677353;3.117469;4.096049;1.130606;4.255825;1.035694;1.171258
0.6754578;3.124798;4.096049;1.132206;4.255951;1.045437;1.171259
0.6738952;3.121603;4.102303;1.155396;4.263269;1.047118;1.175488
0.6648321;3.128092;4.121187;1.190617;4.259038;1.043288;1.177747
0.6743134;3.12668;4.135128;1.194317;4.258092;1.047141;1.175396
0.6750773;3.133909;4.136485;1.185084;4.258421;1.048748;1.169779
0.6743134;3.143049;4.152052;1.201048;4.257538;1.057588;1.174356
0.6750773;3.143521;4.153561;1.198342;4.257862;1.059289;1.176312
0.6750773;3.143521;4.153561;1.191875;4.257862;1.059289;1.176872
0.6665006;3.13898;4.142534;1.169249;4.262413;1.055653;1.163464
0.6509666;3.142371;4.130786;1.183716;4.253763;1.056276;1.164582
0.6552814;3.144735;4.136744;1.200066;4.249228;1.057761;1.163993
0.657876;3.149105;4.13478;1.206928;4.249505;1.058971;1.175121
0.6549488;3.147539;4.116522;1.20956;4.258039;1.054386;1.186543
0.6584068;3.148906;4.126329;1.224168;4.257866;1.055898;1.188666
0.6578078;3.147414;4.127875;1.226578;4.257551;1.054271;1.186653
0.6578078;3.147414;4.127875;1.226578;4.257551;1.054271;1.186653
0.6590164;3.148419;4.130411;1.229899;4.256442;1.055408;1.183748
0.6594759;3.153647;4.137923;1.221066;4.248675;1.056239;1.181685
0.6576225;3.144881;4.130766;1.223478;4.249198;1.050051;1.184757
0.6487324;3.140844;4.130766;1.210437;4.249198;1.050051;1.186175
0.6492707;3.137263;4.123479;1.19784;4.249732;1.046806;1.181665
0.6492708;3.140701;4.123479;1.195929;4.250497;1.046806;1.181665
0.649819;3.14116;4.11708;1.201612;4.250762;1.046214;1.183725
0.6503773;3.141628;4.118307;1.198837;4.251032;1.047857;1.178533
0.6543576;3.147316;4.124156;1.230794;4.257997;1.052829;1.188154
0.6496212;3.151911;4.135766;1.253164;4.263736;1.056708;1.193066
0.6496212;3.151911;4.135766;1.253164;4.263736;1.056708;1.193066
0.6604989;3.157754;4.144217;1.256818;4.264928;1.057451;1.191803
0.6672814;3.162226;4.147722;1.266062;4.255892;1.065521;1.190782
0.661175;3.173921;4.171316;1.285887;4.248567;1.076035;1.192473
0.661175;3.172313;4.171316;1.289798;4.248567;1.076035;1.192473
0.6604989;3.172664;4.172569;1.28992;4.248312;1.081478;1.190873
0.6774545;3.174742;4.162294;1.273687;4.249122;1.087059;1.187237
0.6826096;3.17884;4.170788;1.276977;4.253406;1.093185;1.200309
0.6834913;3.190431;4.183361;1.29885;4.24959;1.106079;1.200483
0.684395;3.20063;4.183636;1.298715;4.24176;1.104062;1.186732
0.6834913;3.203813;4.190766;1.311071;4.233958;1.106947;1.190343
0.6751565;3.201698;4.195426;1.328045;4.251088;1.102496;1.199539
0.6743636;3.208052;4.202249;1.338114;4.250527;1.105315;1.20401
0.6671078;3.208925;4.206907;1.351658;4.248625;1.102417;1.199013
0.6689829;3.212164;4.212673;1.355923;4.249126;1.106215;1.199596
0.6604938;3.220064;4.228341;1.386046;4.251777;1.112378;1.212643
0.6604939;3.220064;4.228341;1.386046;4.257364;1.119871;1.212643
0.6604939;3.220064;4.228341;1.386046;4.257364;1.119871;1.212643
0.6535754;3.213931;4.220227;1.38371;4.264843;1.122335;1.210362
0.6541526;3.215042;4.222682;1.376183;4.257644;1.124619;1.20611
0.6541526;3.215042;4.222682;1.376183;4.257644;1.124619;1.20611
0.6461639;3.216173;4.226465;1.381954;4.257971;1.126426;1.204548
0.6534067;3.215417;4.235081;1.390285;4.257689;1.124221;1.206164
0.6522658;3.217154;4.239069;1.405206;4.253166;1.13301;1.208193
0.6471589;3.218294;4.241362;1.412035;4.25345;1.133205;1.210454
0.6471589;3.218294;4.241362;1.412035;4.25345;1.133205;1.210454
0.6449243;3.20615;4.219542;1.371746;4.259637;1.127376;1.209478
0.6340662;3.205663;4.222169;1.377078;4.260745;1.125097;1.206924
0.639708;3.211514;4.235599;1.389613;4.262514;1.128575;1.207423
0.635671;3.219255;4.244835;1.410898;4.270102;1.136264;1.214464
0.6296395;3.22656;4.262271;1.440787;4.271123;1.139802;1.214379
0.6319756;3.249702;4.27067;1.468827;4.263114;1.142941;1.216793
0.6359093;3.240636;4.287067;1.482626;4.260209;1.150064;1.232581
0.6398555;3.240636;4.281291;1.475579;4.256595;1.150699;1.227323
0.6398555;3.240636;4.281291;1.475579;4.256595;1.150699;1.227323
0.6386154;3.252624;4.303465;1.518218;4.260823;1.159125;1.242498
0.6482186;3.238276;4.308908;1.530326;4.257769;1.165074;1.242139
0.6496825;3.242924;4.320452;1.551692;4.257201;1.174148;1.250291
0.6420585;3.248842;4.327235;1.559682;4.247199;1.174668;1.254255
0.635507;3.248842;4.31876;1.574753;4.254927;1.167507;1.260908
0.6283371;3.24681;4.320945;1.585397;4.272356;1.164276;1.261464
0.6277501;3.2565;4.339908;1.605968;4.271648;1.167334;1.271697
0.6274118;3.247802;4.336764;1.596858;4.271205;1.16276;1.268862
0.6231192;3.246424;4.335876;1.587907;4.274664;1.162308;1.272029
0.6231192;3.246424;4.335876;1.587907;4.274664;1.162308;1.272029
0.6231192;3.246424;4.335876;1.587907;4.274664;1.162308;1.272029
0.6205609;3.255444;4.36812;1.655973;4.281636;1.184842;1.302961
0.632319;3.260002;4.375563;1.662354;4.266064;1.191129;1.30265
0.6239024;3.261585;4.380882;1.670321;4.27006;1.197052;1.3238
0.6314657;3.265834;4.400783;1.697328;4.276693;1.206311;1.328875
0.6307099;3.273861;4.41036;1.721109;4.28707;1.220302;1.335244
0.6374833;3.27618;4.414566;1.716581;4.286589;1.231059;1.324556
0.6180384;3.277882;4.423273;1.74046;4.289667;1.232941;1.335508
0.6113802;3.281752;4.427566;1.757829;4.297089;1.227426;1.345254
0.6113802;3.282748;4.441316;1.776189;4.296806;1.237213;1.358956
0.6113802;3.285199;4.448773;1.794549;4.296525;1.248294;1.365549
0.6186804;3.284443;4.458467;1.811502;4.298904;1.23979;1.364059
0.6184177;3.282697;4.462736;1.815175;4.298587;1.236447;1.366927
0.6111663;3.27997;4.458467;1.812372;4.2979;1.233165;1.363268
0.6096765;3.276674;4.454026;1.813638;4.302964;1.223209;1.368815
0.6096766;3.279121;4.45941;1.81514;4.304637;1.224971;1.366116
0.6098534;3.287497;4.463575;1.811595;4.305365;1.228095;1.36232
0.6100335;3.290979;4.473303;1.804653;4.2993;1.226511;1.359488
0.6100335;3.290979;4.473303;1.804653;4.2993;1.226511;1.359488
0.6102166;3.292768;4.477666;1.815619;4.299994;1.22754;1.36309
0.6100335;3.293365;4.490577;1.824124;4.297216;1.23196;1.372836
0.6102166;3.295176;4.495095;1.835263;4.297892;1.237152;1.376548
0.6098534;3.299378;4.495474;1.841646;4.297911;1.236763;1.375061
0.6096766;3.302979;4.501294;1.85553;4.297709;1.241026;1.377733
0.6095028;3.304978;4.50501;1.857082;4.302133;1.242457;1.380359
0.6098534;3.301744;4.497512;1.840036;4.303448;1.241485;1.375061
0.6096766;3.30377;4.501294;1.847207;4.30142;1.239585;1.3758
0.6095028;3.305761;4.50501;1.853663;4.300464;1.236388;1.378443
0.6098534;3.295547;4.492558;1.83325;4.302392;1.227782;1.366251
0.6122703;3.298645;4.492558;1.8381;4.305931;1.236855;1.366251
0.6055067;3.303103;4.493167;1.845962;4.307714;1.251564;1.371969
0.6035212;3.311754;4.507521;1.895601;4.318937;1.264957;1.374789
0.5971681;3.309798;4.502567;1.899072;4.32553;1.258052;1.364703
0.596423;3.318765;4.514875;1.922281;4.319669;1.264759;1.373851
0.6027131;3.320784;4.519894;1.919653;4.313083;1.261351;1.371121
0.6029509;3.32093;4.521001;1.918499;4.316095;1.264851;1.379084
0.6027131;3.320784;4.528281;1.927156;4.32001;1.265438;1.384451
0.6028309;3.315719;4.524674;1.919642;4.31391;1.254939;1.381791
0.5991182;3.322839;4.533168;1.942611;4.313633;1.26201;1.388266
0.6093024;3.320929;4.538442;1.936723;4.285539;1.254017;1.385617
0.6055562;3.323902;4.54776;1.973113;4.278061;1.269741;1.39906
0.5991284;3.321819;4.542402;1.969599;4.285078;1.262328;1.401589
0.5939936;3.322159;4.545853;1.975144;4.284241;1.258387;1.404074
0.596961;3.324226;4.548697;1.994539;4.284208;1.261357;1.408967
0.5917525;3.322159;4.549806;2.00135;4.284027;1.266482;1.412683
0.5917725;3.320261;4.553813;2.003741;4.279324;1.265227;1.410276
0.5832938;3.326331;4.569083;2.025595;4.27593;1.269674;1.410064
0.5904713;3.32158;4.569083;2.023427;4.270343;1.269606;1.405133
0.5904713;3.318398;4.569083;2.02107;4.27593;1.26778;1.405133
0.59048;3.316432;4.565781;2.020937;4.271068;1.266514;1.402612
0.5937626;3.32158;4.574171;2.032662;4.270342;1.27926;1.419672
0.5937247;3.326637;4.582412;2.037693;4.26963;1.283258;1.420173
0.5950316;3.322984;4.574728;2.015758;4.268787;1.28014;1.416872
0.5950804;3.327096;4.579949;2.02031;4.269205;1.283781;1.420492
0.5952321;3.323845;4.578955;2.017298;4.271068;1.279069;1.419944
0.5952844;3.325151;4.580894;2.011358;4.285231;1.291776;1.424703
0.6017421;3.332465;4.595109;2.014816;4.277219;1.29113;1.439019
0.598335;3.337516;4.598174;2.025127;4.276431;1.301587;1.441231
0.598335;3.337516;4.598174;2.025127;4.276431;1.301587;1.441231
0.5990918;3.333021;4.596675;2.047434;4.291545;1.303169;1.440052
0.6057252;3.32777;4.599549;2.035467;4.289086;1.309725;1.442773
0.6057252;3.32777;4.599549;2.035467;4.289086;1.309725;1.442773
0.6126063;3.339655;4.611388;2.059513;4.281792;1.331591;1.445072
0.6197497;3.336804;4.609272;2.052882;4.275212;1.332233;1.440553
0.6200405;3.339171;4.606166;2.051283;4.275323;1.336689;1.438228
0.6271706;3.349325;4.612559;2.05868;4.266956;1.350451;1.435858
0.6264535;3.352857;4.61865;2.068916;4.265501;1.346403;1.440553
0.6254275;3.36904;4.637822;2.09228;4.256309;1.354012;1.454511
0.6257631;3.362281;4.629199;2.0767;4.264753;1.348486;1.452904
0.6328044;3.363338;4.632005;2.071186;4.267064;1.344044;1.44996
0.6397873;3.365887;4.6384;2.069803;4.259617;1.348486;1.447789
0.6402615;3.360961;4.630299;2.064838;4.260268;1.344915;1.438198
0.6266305;3.350984;4.60944;2.062758;4.278311;1.332445;1.440479
0.6332089;3.361786;4.609785;2.047406;4.270439;1.334682;1.433702
0.6239919;3.363513;4.603641;2.038593;4.267029;1.333984;1.441618
0.6239919;3.366877;4.603641;2.043859;4.267029;1.343028;1.441618
0.6207257;3.366353;4.599822;2.029656;4.276861;1.354174;1.445772
0.6334364;3.372187;4.612014;2.054285;4.287557;1.384863;1.454932
0.6107623;3.377969;4.592999;2.054061;4.327229;1.376916;1.461382
0.6107623;3.377969;4.592999;2.054061;4.327229;1.376916;1.461382
0.6105691;3.382606;4.601218;2.058989;4.331954;1.387453;1.463391
0.6105691;3.382606;4.601218;2.058989;4.331954;1.387453;1.463391
0.6105691;3.382606;4.601218;2.058989;4.331954;1.387453;1.463391
0.6107623;3.377969;4.597944;2.054061;4.333251;1.384338;1.461382
0.6196045;3.39013;4.603126;2.050786;4.333901;1.383988;1.472281
0.6208004;3.386894;4.611854;2.033177;4.325174;1.376687;1.473178
0.6265328;3.394742;4.617828;2.03984;4.32616;1.394684;1.478092
0.6318206;3.391112;4.611854;2.027836;4.325174;1.382111;1.477007
0.6248469;3.398899;4.605648;2.025736;4.331291;1.367687;1.478926
0.6381298;3.400816;4.61778;2.039454;4.324087;1.394825;1.483849
0.6324928;3.401577;4.61778;2.046378;4.324087;1.394825;1.487446
0.6372263;3.402128;4.624943;2.063374;4.314884;1.412568;1.487593
0.6367677;3.403404;4.627898;2.068496;4.319653;1.420512;1.489466
0.6367677;3.403404;4.627898;2.068496;4.319653;1.420512;1.489466
0.6367676;3.400008;4.622468;2.070766;4.309461;1.404481;1.489466
0.6338996;3.396023;4.610415;2.085767;4.31837;1.396659;1.480921
0.6289117;3.394984;4.607324;2.091996;4.312605;1.399503;1.483145
0.6334769;3.39398;4.599864;2.091231;4.307528;1.389846;1.485795
0.6372263;3.395559;4.602967;2.084421;4.302489;1.398467;1.484137
0.6444283;3.391827;4.605144;2.087027;4.301413;1.401556;1.480779
0.6444283;3.391827;4.605144;2.087027;4.301413;1.401556;1.480779
0.6451134;3.396873;4.614256;2.104611;4.307078;1.430229;1.483849
0.6445839;3.40155;4.617285;2.117312;4.305968;1.433056;1.489894
0.6461295;3.410642;4.628452;2.131429;4.302634;1.44849;1.493492
0.6466637;3.413661;4.634526;2.137373;4.303398;1.453959;1.491125
0.6466637;3.424279;4.634175;2.106211;4.307497;1.446956;1.497936
0.6472079;3.423227;4.631335;2.101545;4.306654;1.44128;1.49618
0.640102;3.427225;4.628442;2.100414;4.307771;1.446785;1.499653
0.6396202;3.431613;4.631336;2.113155;4.306654;1.449453;1.501393
0.6448892;3.428249;4.625957;2.11429;4.312561;1.465003;1.50336
0.6448892;3.425682;4.616862;2.1107;4.313257;1.459876;1.50336
0.6403226;3.424447;4.621193;2.115515;4.315339;1.456231;1.507907
0.6403226;3.435669;4.611992;2.099566;4.31493;1.458555;1.500866
0.6442819;3.431056;4.62478;2.113462;4.308439;1.460487;1.504453
0.6400284;3.435061;4.636026;2.14375;4.319914;1.468495;1.513247
0.6400285;3.439592;4.645698;2.167481;4.311761;1.476215;1.520647
0.6400285;3.443196;4.645698;2.176075;4.320609;1.493091;1.525099
0.6380478;3.457986;4.654473;2.209731;4.302295;1.488021;1.526425
0.6380478;3.457986;4.654473;2.209731;4.302295;1.488021;1.526425
0.63064;3.462446;4.651722;2.208288;4.303401;1.485727;1.5303
0.6310512;3.451299;4.648916;2.201517;4.312209;1.493658;1.525906
0.6350418;3.446858;4.639367;2.200641;4.299699;1.485217;1.525906
0.6355016;3.442402;4.630703;2.196647;4.300802;1.482775;1.526412
0.6378073;3.445025;4.630802;2.183795;4.288836;1.480065;1.519847
0.6465847;3.444149;4.651164;2.183221;4.288509;1.480065;1.513432
0.6459903;3.440467;4.644145;2.183596;4.28825;1.473697;1.515191
0.6436845;3.435756;4.641112;2.173434;4.289279;1.463511;1.513432
0.6456848;3.437425;4.634849;2.172663;4.286027;1.472295;1.518198
0.6393055;3.440113;4.628433;2.160034;4.278497;1.468991;1.508532
0.6307581;3.437402;4.624424;2.167814;4.281626;1.456714;1.51223
0.6439415;3.446789;4.638239;2.16443;4.269642;1.472879;1.512602
0.6373953;3.440983;4.628367;2.161585;4.274168;1.46425;1.505048
0.6322907;3.428381;4.630933;2.134567;4.276746;1.449579;1.497037
0.6322907;3.428381;4.630933;2.134567;4.276746;1.449579;1.497037
0.6299157;3.423692;4.627858;2.124216;4.277625;1.439459;1.495146
0.6370981;3.431828;4.637904;2.136655;4.268713;1.453234;1.48711
0.6370981;3.431828;4.637904;2.136655;4.268713;1.453234;1.48711
0.631632;3.432977;4.642389;2.134069;4.271901;1.452552;1.490491
0.634883;3.418746;4.629384;2.119633;4.271327;1.458003;1.487143
0.634883;3.418746;4.629384;2.119633;4.271327;1.458003;1.487143
0.634883;3.418746;4.629384;2.119633;4.271327;1.458003;1.487143
0.6408179;3.416148;4.627242;2.117089;4.262712;1.440996;1.489712
0.6408179;3.416148;4.627242;2.117089;4.262712;1.440996;1.489712
0.6318028;3.412893;4.623253;2.108377;4.267162;1.442598;1.498366
0.6326657;3.40852;4.626617;2.119033;4.268409;1.438558;1.502011
0.6335647;3.40853;4.628692;2.100876;4.274232;1.431851;1.498254
0.6347957;3.414711;4.634888;2.119575;4.29424;1.462654;1.506462
0.6347957;3.414711;4.634888;2.119575;4.29424;1.462654;1.506462
0.6343384;3.415923;4.632228;2.124388;4.299458;1.479553;1.508239
0.6244205;3.413017;4.632041;2.14203;4.295824;1.477103;1.501443
0.6244205;3.413017;4.632041;2.14203;4.295824;1.477103;1.501443
0.6247765;3.411774;4.628976;2.136697;4.301014;1.477818;1.507568
0.6251401;3.410506;4.625849;2.131961;4.302153;1.484097;1.505766
0.6211677;3.422143;4.638412;2.144524;4.305877;1.486315;1.518415
0.6293449;3.429759;4.629017;2.133853;4.310169;1.499318;1.514361
0.6289426;3.434388;4.632081;2.147029;4.300515;1.501617;1.516058
0.6289426;3.434388;4.632081;2.147029;4.300515;1.501617;1.516058
0.6297555;3.419926;4.620068;2.129088;4.302782;1.496971;1.504566
0.6297555;3.419926;4.620068;2.129088;4.302782;1.496971;1.504566
0.6297555;3.419926;4.620068;2.129088;4.302782;1.496971;1.504566
0.6297555;3.419926;4.620068;2.129088;4.302782;1.496971;1.504566
0.6297555;3.419926;4.620068;2.129088;4.302782;1.496971;1.504566
0.6228425;3.423356;4.626378;2.144524;4.311963;1.500988;1.510269
0.6231933;3.412023;4.629061;2.139771;4.306713;1.483781;1.508457
0.6231933;3.412023;4.629061;2.139771;4.306713;1.483781;1.508457
0.6301746;3.40465;4.614474;2.126609;4.302453;1.492002;1.51504
0.6225326;3.413822;4.620036;2.137492;4.301141;1.496895;1.520741
0.6221923;3.415069;4.623255;2.14222;4.306395;1.504543;1.522407
0.6221923;3.415069;4.623255;2.14222;4.306395;1.504543;1.522407
0.6072868;3.410143;4.612929;2.145831;4.286376;1.486691;1.524805
0.613833;3.419629;4.628685;2.157235;4.290656;1.49563;1.532359
0.6056512;3.417787;4.608281;2.143251;4.296207;1.491892;1.533406
0.6058266;3.412676;4.604759;2.129175;4.297355;1.489337;1.531788
0.6118617;3.410432;4.597298;2.129027;4.329582;1.503661;1.541204
0.6121046;3.410977;4.59113;2.123951;4.330177;1.504711;1.53967
0.6121046;3.410977;4.59113;2.123951;4.330177;1.504711;1.53967
0.6197555;3.415804;4.601401;2.128793;4.316299;1.506387;1.525674
0.6191121;3.414326;4.589926;2.141489;4.311301;1.506339;1.535746
0.6194304;3.413031;4.586671;2.135864;4.316937;1.511537;1.548015
0.6152356;3.416535;4.583575;2.152813;4.317973;1.510038;1.554438
0.6065485;3.420375;4.589714;2.150247;4.322358;1.513516;1.554438
0.6063654;3.425402;4.599471;2.155041;4.32094;1.525159;1.564222
0.6108366;3.420627;4.589241;2.132588;4.325612;1.535334;1.564824
0.6110684;3.415547;4.579465;2.118396;4.32708;1.533251;1.563546
0.6113052;3.420362;4.58249;2.125177;4.328239;1.5346;1.57021
0.6113052;3.420362;4.58249;2.125177;4.328239;1.5346;1.57021
0.6085255;3.418215;4.572036;2.104923;4.321764;1.52279;1.562241
0.618738;3.418655;4.592763;2.13497;4.305291;1.53928;1.564301
0.6322138;3.423847;4.599918;2.132759;4.306275;1.547168;1.571444
0.6408141;3.42789;4.603327;2.124885;4.301218;1.536999;1.577509
0.643086;3.399881;4.583752;2.06829;4.288312;1.511613;1.556079
0.6521175;3.399877;4.600517;2.043308;4.273087;1.523506;1.53861
0.6513897;3.401446;4.601456;2.049736;4.263197;1.512213;1.540281
0.6513897;3.392175;4.590353;2.038925;4.264048;1.509688;1.544397
0.6521175;3.390497;4.589286;2.03237;4.273947;1.522272;1.542774
0.6513897;3.387363;4.593275;2.045354;4.272978;1.532959;1.544397
0.6384491;3.387363;4.593318;2.045354;4.272978;1.528781;1.537582
0.6378867;3.393118;4.597214;2.061364;4.271985;1.536897;1.528727
0.6378867;3.393118;4.597214;2.061364;4.271985;1.536897;1.528727
0.6384491;3.387363;4.586751;2.055146;4.272932;1.534687;1.526941
0.6378867;3.398813;4.597214;2.061364;4.271985;1.52621;1.537716
0.6404679;3.404372;4.601022;2.073723;4.27106;1.52698;1.53936
0.6406763;3.39403;4.574633;2.082605;4.279611;1.51333;1.536879
0.6401202;3.399399;4.57852;2.097341;4.2786;1.521172;1.528513
0.6341102;3.40756;4.591253;2.111956;4.272411;1.521728;1.538926
0.6336254;3.408942;4.59496;2.117218;4.263174;1.520481;1.540484
0.6356302;3.403911;4.582479;2.078819;4.273064;1.524326;1.537956
0.6351122;3.40935;4.58641;2.094094;4.272137;1.532309;1.539578
0.6324994;3.403911;4.582479;2.082107;4.273064;1.531609;1.537956
